study_id,timepoint_category,prevalence,N,iter
Gasparrini_2019_infant,DOL 1-8,0.38095238095238093,21,1
Gasparrini_2019_infant,DOL 43-455,0.1111111111111111,63,1
Gasparrini_2019_infant,DOL 9-42,0.2692307692307692,26,1
Gibson_2016_preterm,DOL 1-8,0.22807017543859648,114,1
Gibson_2016_preterm,DOL 43-455,0.125,16,1
Gibson_2016_preterm,DOL 9-42,0.2903225806451613,93,1
Morrow_2016_preterm_infants,DOL 1-8,0.1320754716981132,53,1
Morrow_2016_preterm_infants,DOL 9-42,0,20,1
PRIMAL,DOL 1-8,0.08620689655172414,116,1
PRIMAL,DOL 43-455,0.06,50,1
PRIMAL,DOL 9-42,0.25806451612903225,434,1
Parnanen_2019_infant,DOL 1-8,0,1,1
Parnanen_2019_infant,DOL 9-42,0.15625,32,1
Rahman_2018_preterm_NICU,DOL 1-8,0.10752688172043011,93,1
Rahman_2018_preterm_NICU,DOL 43-455,0.14285714285714285,14,1
Rahman_2018_preterm_NICU,DOL 9-42,0.11052631578947368,190,1
Gasparrini_2019_infant,DOL 1-8,0.38095238095238093,21,2
Gasparrini_2019_infant,DOL 43-455,0.09523809523809523,63,2
Gasparrini_2019_infant,DOL 9-42,0.23076923076923078,26,2
Gibson_2016_preterm,DOL 1-8,0.21929824561403508,114,2
Gibson_2016_preterm,DOL 43-455,0.125,16,2
Gibson_2016_preterm,DOL 9-42,0.3010752688172043,93,2
Morrow_2016_preterm_infants,DOL 1-8,0.1509433962264151,53,2
Morrow_2016_preterm_infants,DOL 9-42,0,20,2
PRIMAL,DOL 1-8,0.10344827586206896,116,2
PRIMAL,DOL 43-455,0.08,50,2
PRIMAL,DOL 9-42,0.2511520737327189,434,2
Parnanen_2019_infant,DOL 1-8,0,1,2
Parnanen_2019_infant,DOL 9-42,0.1875,32,2
Rahman_2018_preterm_NICU,DOL 1-8,0.0967741935483871,93,2
Rahman_2018_preterm_NICU,DOL 43-455,0.14285714285714285,14,2
Rahman_2018_preterm_NICU,DOL 9-42,0.12105263157894737,190,2
Gasparrini_2019_infant,DOL 1-8,0.38095238095238093,21,3
Gasparrini_2019_infant,DOL 43-455,0.1111111111111111,63,3
Gasparrini_2019_infant,DOL 9-42,0.19230769230769232,26,3
Gibson_2016_preterm,DOL 1-8,0.21929824561403508,114,3
Gibson_2016_preterm,DOL 43-455,0.125,16,3
Gibson_2016_preterm,DOL 9-42,0.2903225806451613,93,3
Morrow_2016_preterm_infants,DOL 1-8,0.1509433962264151,53,3
Morrow_2016_preterm_infants,DOL 9-42,0,20,3
PRIMAL,DOL 1-8,0.09482758620689655,116,3
PRIMAL,DOL 43-455,0.04,50,3
PRIMAL,DOL 9-42,0.27880184331797236,434,3
Parnanen_2019_infant,DOL 1-8,0,1,3
Parnanen_2019_infant,DOL 9-42,0.15625,32,3
Rahman_2018_preterm_NICU,DOL 1-8,0.07526881720430108,93,3
Rahman_2018_preterm_NICU,DOL 43-455,0.14285714285714285,14,3
Rahman_2018_preterm_NICU,DOL 9-42,0.1,190,3
Gasparrini_2019_infant,DOL 1-8,0.38095238095238093,21,4
Gasparrini_2019_infant,DOL 43-455,0.1111111111111111,63,4
Gasparrini_2019_infant,DOL 9-42,0.23076923076923078,26,4
Gibson_2016_preterm,DOL 1-8,0.21052631578947367,114,4
Gibson_2016_preterm,DOL 43-455,0.125,16,4
Gibson_2016_preterm,DOL 9-42,0.26881720430107525,93,4
Morrow_2016_preterm_infants,DOL 1-8,0.18867924528301888,53,4
Morrow_2016_preterm_infants,DOL 9-42,0,20,4
PRIMAL,DOL 1-8,0.09482758620689655,116,4
PRIMAL,DOL 43-455,0.08,50,4
PRIMAL,DOL 9-42,0.2626728110599078,434,4
Parnanen_2019_infant,DOL 1-8,0,1,4
Parnanen_2019_infant,DOL 9-42,0.15625,32,4
Rahman_2018_preterm_NICU,DOL 1-8,0.11827956989247312,93,4
Rahman_2018_preterm_NICU,DOL 43-455,0.14285714285714285,14,4
Rahman_2018_preterm_NICU,DOL 9-42,0.11052631578947368,190,4
Gasparrini_2019_infant,DOL 1-8,0.38095238095238093,21,5
Gasparrini_2019_infant,DOL 43-455,0.12698412698412698,63,5
Gasparrini_2019_infant,DOL 9-42,0.23076923076923078,26,5
Gibson_2016_preterm,DOL 1-8,0.21052631578947367,114,5
Gibson_2016_preterm,DOL 43-455,0.1875,16,5
Gibson_2016_preterm,DOL 9-42,0.2903225806451613,93,5
Morrow_2016_preterm_infants,DOL 1-8,0.1320754716981132,53,5
Morrow_2016_preterm_infants,DOL 9-42,0,20,5
PRIMAL,DOL 1-8,0.09482758620689655,116,5
PRIMAL,DOL 43-455,0.06,50,5
PRIMAL,DOL 9-42,0.2672811059907834,434,5
Parnanen_2019_infant,DOL 1-8,0,1,5
Parnanen_2019_infant,DOL 9-42,0.1875,32,5
Rahman_2018_preterm_NICU,DOL 1-8,0.08602150537634409,93,5
Rahman_2018_preterm_NICU,DOL 43-455,0.14285714285714285,14,5
Rahman_2018_preterm_NICU,DOL 9-42,0.1,190,5
Gasparrini_2019_infant,DOL 1-8,0.38095238095238093,21,6
Gasparrini_2019_infant,DOL 43-455,0.1111111111111111,63,6
Gasparrini_2019_infant,DOL 9-42,0.19230769230769232,26,6
Gibson_2016_preterm,DOL 1-8,0.21052631578947367,114,6
Gibson_2016_preterm,DOL 43-455,0.1875,16,6
Gibson_2016_preterm,DOL 9-42,0.3010752688172043,93,6
Morrow_2016_preterm_infants,DOL 1-8,0.16981132075471697,53,6
Morrow_2016_preterm_infants,DOL 9-42,0,20,6
PRIMAL,DOL 1-8,0.09482758620689655,116,6
PRIMAL,DOL 43-455,0.06,50,6
PRIMAL,DOL 9-42,0.26497695852534564,434,6
Parnanen_2019_infant,DOL 1-8,0,1,6
Parnanen_2019_infant,DOL 9-42,0.15625,32,6
Rahman_2018_preterm_NICU,DOL 1-8,0.0967741935483871,93,6
Rahman_2018_preterm_NICU,DOL 43-455,0.14285714285714285,14,6
Rahman_2018_preterm_NICU,DOL 9-42,0.11578947368421053,190,6
Gasparrini_2019_infant,DOL 1-8,0.38095238095238093,21,7
Gasparrini_2019_infant,DOL 43-455,0.12698412698412698,63,7
Gasparrini_2019_infant,DOL 9-42,0.19230769230769232,26,7
Gibson_2016_preterm,DOL 1-8,0.21052631578947367,114,7
Gibson_2016_preterm,DOL 43-455,0.0625,16,7
Gibson_2016_preterm,DOL 9-42,0.27956989247311825,93,7
Morrow_2016_preterm_infants,DOL 1-8,0.18867924528301888,53,7
Morrow_2016_preterm_infants,DOL 9-42,0,20,7
PRIMAL,DOL 1-8,0.09482758620689655,116,7
PRIMAL,DOL 43-455,0.06,50,7
PRIMAL,DOL 9-42,0.2465437788018433,434,7
Parnanen_2019_infant,DOL 1-8,0,1,7
Parnanen_2019_infant,DOL 9-42,0.15625,32,7
Rahman_2018_preterm_NICU,DOL 1-8,0.11827956989247312,93,7
Rahman_2018_preterm_NICU,DOL 43-455,0.14285714285714285,14,7
Rahman_2018_preterm_NICU,DOL 9-42,0.09473684210526316,190,7
Gasparrini_2019_infant,DOL 1-8,0.38095238095238093,21,8
Gasparrini_2019_infant,DOL 43-455,0.1111111111111111,63,8
Gasparrini_2019_infant,DOL 9-42,0.23076923076923078,26,8
Gibson_2016_preterm,DOL 1-8,0.21929824561403508,114,8
Gibson_2016_preterm,DOL 43-455,0,16,8
Gibson_2016_preterm,DOL 9-42,0.25806451612903225,93,8
Morrow_2016_preterm_infants,DOL 1-8,0.1320754716981132,53,8
Morrow_2016_preterm_infants,DOL 9-42,0,20,8
PRIMAL,DOL 1-8,0.09482758620689655,116,8
PRIMAL,DOL 43-455,0.02,50,8
PRIMAL,DOL 9-42,0.271889400921659,434,8
Parnanen_2019_infant,DOL 1-8,0,1,8
Parnanen_2019_infant,DOL 9-42,0.1875,32,8
Rahman_2018_preterm_NICU,DOL 1-8,0.0967741935483871,93,8
Rahman_2018_preterm_NICU,DOL 43-455,0.14285714285714285,14,8
Rahman_2018_preterm_NICU,DOL 9-42,0.11578947368421053,190,8
Gasparrini_2019_infant,DOL 1-8,0.38095238095238093,21,9
Gasparrini_2019_infant,DOL 43-455,0.1111111111111111,63,9
Gasparrini_2019_infant,DOL 9-42,0.2692307692307692,26,9
Gibson_2016_preterm,DOL 1-8,0.21929824561403508,114,9
Gibson_2016_preterm,DOL 43-455,0.0625,16,9
Gibson_2016_preterm,DOL 9-42,0.27956989247311825,93,9
Morrow_2016_preterm_infants,DOL 1-8,0.16981132075471697,53,9
Morrow_2016_preterm_infants,DOL 9-42,0,20,9
PRIMAL,DOL 1-8,0.09482758620689655,116,9
PRIMAL,DOL 43-455,0.06,50,9
PRIMAL,DOL 9-42,0.27419354838709675,434,9
Parnanen_2019_infant,DOL 1-8,0,1,9
Parnanen_2019_infant,DOL 9-42,0.21875,32,9
Rahman_2018_preterm_NICU,DOL 1-8,0.0967741935483871,93,9
Rahman_2018_preterm_NICU,DOL 43-455,0.14285714285714285,14,9
Rahman_2018_preterm_NICU,DOL 9-42,0.13157894736842105,190,9
Gasparrini_2019_infant,DOL 1-8,0.38095238095238093,21,10
Gasparrini_2019_infant,DOL 43-455,0.12698412698412698,63,10
Gasparrini_2019_infant,DOL 9-42,0.3076923076923077,26,10
Gibson_2016_preterm,DOL 1-8,0.20175438596491227,114,10
Gibson_2016_preterm,DOL 43-455,0.125,16,10
Gibson_2016_preterm,DOL 9-42,0.3010752688172043,93,10
Morrow_2016_preterm_infants,DOL 1-8,0.1320754716981132,53,10
Morrow_2016_preterm_infants,DOL 9-42,0,20,10
PRIMAL,DOL 1-8,0.08620689655172414,116,10
PRIMAL,DOL 43-455,0.04,50,10
PRIMAL,DOL 9-42,0.2672811059907834,434,10
Parnanen_2019_infant,DOL 1-8,0,1,10
Parnanen_2019_infant,DOL 9-42,0.1875,32,10
Rahman_2018_preterm_NICU,DOL 1-8,0.11827956989247312,93,10
Rahman_2018_preterm_NICU,DOL 43-455,0.14285714285714285,14,10
Rahman_2018_preterm_NICU,DOL 9-42,0.11578947368421053,190,10
Gasparrini_2019_infant,DOL 1-8,0.38095238095238093,21,11
Gasparrini_2019_infant,DOL 43-455,0.1111111111111111,63,11
Gasparrini_2019_infant,DOL 9-42,0.3076923076923077,26,11
Gibson_2016_preterm,DOL 1-8,0.21929824561403508,114,11
Gibson_2016_preterm,DOL 43-455,0.0625,16,11
Gibson_2016_preterm,DOL 9-42,0.2903225806451613,93,11
Morrow_2016_preterm_infants,DOL 1-8,0.1509433962264151,53,11
Morrow_2016_preterm_infants,DOL 9-42,0,20,11
PRIMAL,DOL 1-8,0.08620689655172414,116,11
PRIMAL,DOL 43-455,0.08,50,11
PRIMAL,DOL 9-42,0.2557603686635945,434,11
Parnanen_2019_infant,DOL 1-8,0,1,11
Parnanen_2019_infant,DOL 9-42,0.1875,32,11
Rahman_2018_preterm_NICU,DOL 1-8,0.0967741935483871,93,11
Rahman_2018_preterm_NICU,DOL 43-455,0.14285714285714285,14,11
Rahman_2018_preterm_NICU,DOL 9-42,0.1,190,11
Gasparrini_2019_infant,DOL 1-8,0.38095238095238093,21,12
Gasparrini_2019_infant,DOL 43-455,0.1111111111111111,63,12
Gasparrini_2019_infant,DOL 9-42,0.23076923076923078,26,12
Gibson_2016_preterm,DOL 1-8,0.21929824561403508,114,12
Gibson_2016_preterm,DOL 43-455,0.125,16,12
Gibson_2016_preterm,DOL 9-42,0.27956989247311825,93,12
Morrow_2016_preterm_infants,DOL 1-8,0.1509433962264151,53,12
Morrow_2016_preterm_infants,DOL 9-42,0,20,12
PRIMAL,DOL 1-8,0.10344827586206896,116,12
PRIMAL,DOL 43-455,0.06,50,12
PRIMAL,DOL 9-42,0.25806451612903225,434,12
Parnanen_2019_infant,DOL 1-8,0,1,12
Parnanen_2019_infant,DOL 9-42,0.1875,32,12
Rahman_2018_preterm_NICU,DOL 1-8,0.0967741935483871,93,12
Rahman_2018_preterm_NICU,DOL 43-455,0.14285714285714285,14,12
Rahman_2018_preterm_NICU,DOL 9-42,0.10526315789473684,190,12
Gasparrini_2019_infant,DOL 1-8,0.38095238095238093,21,13
Gasparrini_2019_infant,DOL 43-455,0.12698412698412698,63,13
Gasparrini_2019_infant,DOL 9-42,0.23076923076923078,26,13
Gibson_2016_preterm,DOL 1-8,0.22807017543859648,114,13
Gibson_2016_preterm,DOL 43-455,0.125,16,13
Gibson_2016_preterm,DOL 9-42,0.27956989247311825,93,13
Morrow_2016_preterm_infants,DOL 1-8,0.16981132075471697,53,13
Morrow_2016_preterm_infants,DOL 9-42,0,20,13
PRIMAL,DOL 1-8,0.09482758620689655,116,13
PRIMAL,DOL 43-455,0.02,50,13
PRIMAL,DOL 9-42,0.2695852534562212,434,13
Parnanen_2019_infant,DOL 1-8,0,1,13
Parnanen_2019_infant,DOL 9-42,0.15625,32,13
Rahman_2018_preterm_NICU,DOL 1-8,0.12903225806451613,93,13
Rahman_2018_preterm_NICU,DOL 43-455,0.21428571428571427,14,13
Rahman_2018_preterm_NICU,DOL 9-42,0.12631578947368421,190,13
Gasparrini_2019_infant,DOL 1-8,0.38095238095238093,21,14
Gasparrini_2019_infant,DOL 43-455,0.12698412698412698,63,14
Gasparrini_2019_infant,DOL 9-42,0.2692307692307692,26,14
Gibson_2016_preterm,DOL 1-8,0.19298245614035087,114,14
Gibson_2016_preterm,DOL 43-455,0.1875,16,14
Gibson_2016_preterm,DOL 9-42,0.2903225806451613,93,14
Morrow_2016_preterm_infants,DOL 1-8,0.16981132075471697,53,14
Morrow_2016_preterm_infants,DOL 9-42,0,20,14
PRIMAL,DOL 1-8,0.09482758620689655,116,14
PRIMAL,DOL 43-455,0.04,50,14
PRIMAL,DOL 9-42,0.26036866359447003,434,14
Parnanen_2019_infant,DOL 1-8,0,1,14
Parnanen_2019_infant,DOL 9-42,0.1875,32,14
Rahman_2018_preterm_NICU,DOL 1-8,0.11827956989247312,93,14
Rahman_2018_preterm_NICU,DOL 43-455,0.14285714285714285,14,14
Rahman_2018_preterm_NICU,DOL 9-42,0.11578947368421053,190,14
Gasparrini_2019_infant,DOL 1-8,0.3333333333333333,21,15
Gasparrini_2019_infant,DOL 43-455,0.12698412698412698,63,15
Gasparrini_2019_infant,DOL 9-42,0.2692307692307692,26,15
Gibson_2016_preterm,DOL 1-8,0.21052631578947367,114,15
Gibson_2016_preterm,DOL 43-455,0.1875,16,15
Gibson_2016_preterm,DOL 9-42,0.2903225806451613,93,15
Morrow_2016_preterm_infants,DOL 1-8,0.1320754716981132,53,15
Morrow_2016_preterm_infants,DOL 9-42,0,20,15
PRIMAL,DOL 1-8,0.09482758620689655,116,15
PRIMAL,DOL 43-455,0.04,50,15
PRIMAL,DOL 9-42,0.2672811059907834,434,15
Parnanen_2019_infant,DOL 1-8,0,1,15
Parnanen_2019_infant,DOL 9-42,0.1875,32,15
Rahman_2018_preterm_NICU,DOL 1-8,0.10752688172043011,93,15
Rahman_2018_preterm_NICU,DOL 43-455,0.14285714285714285,14,15
Rahman_2018_preterm_NICU,DOL 9-42,0.1,190,15
Gasparrini_2019_infant,DOL 1-8,0.38095238095238093,21,16
Gasparrini_2019_infant,DOL 43-455,0.1111111111111111,63,16
Gasparrini_2019_infant,DOL 9-42,0.19230769230769232,26,16
Gibson_2016_preterm,DOL 1-8,0.22807017543859648,114,16
Gibson_2016_preterm,DOL 43-455,0.1875,16,16
Gibson_2016_preterm,DOL 9-42,0.26881720430107525,93,16
Morrow_2016_preterm_infants,DOL 1-8,0.1320754716981132,53,16
Morrow_2016_preterm_infants,DOL 9-42,0,20,16
PRIMAL,DOL 1-8,0.09482758620689655,116,16
PRIMAL,DOL 43-455,0.08,50,16
PRIMAL,DOL 9-42,0.2534562211981567,434,16
Parnanen_2019_infant,DOL 1-8,0,1,16
Parnanen_2019_infant,DOL 9-42,0.1875,32,16
Rahman_2018_preterm_NICU,DOL 1-8,0.11827956989247312,93,16
Rahman_2018_preterm_NICU,DOL 43-455,0.14285714285714285,14,16
Rahman_2018_preterm_NICU,DOL 9-42,0.11052631578947368,190,16
Gasparrini_2019_infant,DOL 1-8,0.38095238095238093,21,17
Gasparrini_2019_infant,DOL 43-455,0.1111111111111111,63,17
Gasparrini_2019_infant,DOL 9-42,0.23076923076923078,26,17
Gibson_2016_preterm,DOL 1-8,0.19298245614035087,114,17
Gibson_2016_preterm,DOL 43-455,0.1875,16,17
Gibson_2016_preterm,DOL 9-42,0.27956989247311825,93,17
Morrow_2016_preterm_infants,DOL 1-8,0.1320754716981132,53,17
Morrow_2016_preterm_infants,DOL 9-42,0,20,17
PRIMAL,DOL 1-8,0.10344827586206896,116,17
PRIMAL,DOL 43-455,0.02,50,17
PRIMAL,DOL 9-42,0.26497695852534564,434,17
Parnanen_2019_infant,DOL 1-8,0,1,17
Parnanen_2019_infant,DOL 9-42,0.1875,32,17
Rahman_2018_preterm_NICU,DOL 1-8,0.11827956989247312,93,17
Rahman_2018_preterm_NICU,DOL 43-455,0.14285714285714285,14,17
Rahman_2018_preterm_NICU,DOL 9-42,0.12105263157894737,190,17
Gasparrini_2019_infant,DOL 1-8,0.38095238095238093,21,18
Gasparrini_2019_infant,DOL 43-455,0.1111111111111111,63,18
Gasparrini_2019_infant,DOL 9-42,0.2692307692307692,26,18
Gibson_2016_preterm,DOL 1-8,0.22807017543859648,114,18
Gibson_2016_preterm,DOL 43-455,0.125,16,18
Gibson_2016_preterm,DOL 9-42,0.27956989247311825,93,18
Morrow_2016_preterm_infants,DOL 1-8,0.1320754716981132,53,18
Morrow_2016_preterm_infants,DOL 9-42,0,20,18
PRIMAL,DOL 1-8,0.09482758620689655,116,18
PRIMAL,DOL 43-455,0.06,50,18
PRIMAL,DOL 9-42,0.2488479262672811,434,18
Parnanen_2019_infant,DOL 1-8,0,1,18
Parnanen_2019_infant,DOL 9-42,0.15625,32,18
Rahman_2018_preterm_NICU,DOL 1-8,0.10752688172043011,93,18
Rahman_2018_preterm_NICU,DOL 43-455,0.14285714285714285,14,18
Rahman_2018_preterm_NICU,DOL 9-42,0.11052631578947368,190,18
Gasparrini_2019_infant,DOL 1-8,0.38095238095238093,21,19
Gasparrini_2019_infant,DOL 43-455,0.1111111111111111,63,19
Gasparrini_2019_infant,DOL 9-42,0.23076923076923078,26,19
Gibson_2016_preterm,DOL 1-8,0.21052631578947367,114,19
Gibson_2016_preterm,DOL 43-455,0.125,16,19
Gibson_2016_preterm,DOL 9-42,0.26881720430107525,93,19
Morrow_2016_preterm_infants,DOL 1-8,0.16981132075471697,53,19
Morrow_2016_preterm_infants,DOL 9-42,0.05,20,19
PRIMAL,DOL 1-8,0.09482758620689655,116,19
PRIMAL,DOL 43-455,0.04,50,19
PRIMAL,DOL 9-42,0.25806451612903225,434,19
Parnanen_2019_infant,DOL 1-8,0,1,19
Parnanen_2019_infant,DOL 9-42,0.15625,32,19
Rahman_2018_preterm_NICU,DOL 1-8,0.0967741935483871,93,19
Rahman_2018_preterm_NICU,DOL 43-455,0.14285714285714285,14,19
Rahman_2018_preterm_NICU,DOL 9-42,0.09473684210526316,190,19
Gasparrini_2019_infant,DOL 1-8,0.38095238095238093,21,20
Gasparrini_2019_infant,DOL 43-455,0.1111111111111111,63,20
Gasparrini_2019_infant,DOL 9-42,0.23076923076923078,26,20
Gibson_2016_preterm,DOL 1-8,0.22807017543859648,114,20
Gibson_2016_preterm,DOL 43-455,0.125,16,20
Gibson_2016_preterm,DOL 9-42,0.2903225806451613,93,20
Morrow_2016_preterm_infants,DOL 1-8,0.16981132075471697,53,20
Morrow_2016_preterm_infants,DOL 9-42,0,20,20
PRIMAL,DOL 1-8,0.11206896551724138,116,20
PRIMAL,DOL 43-455,0.02,50,20
PRIMAL,DOL 9-42,0.2672811059907834,434,20
Parnanen_2019_infant,DOL 1-8,0,1,20
Parnanen_2019_infant,DOL 9-42,0.125,32,20
Rahman_2018_preterm_NICU,DOL 1-8,0.07526881720430108,93,20
Rahman_2018_preterm_NICU,DOL 43-455,0.14285714285714285,14,20
Rahman_2018_preterm_NICU,DOL 9-42,0.11052631578947368,190,20
Gasparrini_2019_infant,DOL 1-8,0.38095238095238093,21,21
Gasparrini_2019_infant,DOL 43-455,0.12698412698412698,63,21
Gasparrini_2019_infant,DOL 9-42,0.3076923076923077,26,21
Gibson_2016_preterm,DOL 1-8,0.20175438596491227,114,21
Gibson_2016_preterm,DOL 43-455,0.125,16,21
Gibson_2016_preterm,DOL 9-42,0.27956989247311825,93,21
Morrow_2016_preterm_infants,DOL 1-8,0.09433962264150944,53,21
Morrow_2016_preterm_infants,DOL 9-42,0.05,20,21
PRIMAL,DOL 1-8,0.09482758620689655,116,21
PRIMAL,DOL 43-455,0.1,50,21
PRIMAL,DOL 9-42,0.2672811059907834,434,21
Parnanen_2019_infant,DOL 1-8,0,1,21
Parnanen_2019_infant,DOL 9-42,0.1875,32,21
Rahman_2018_preterm_NICU,DOL 1-8,0.11827956989247312,93,21
Rahman_2018_preterm_NICU,DOL 43-455,0.14285714285714285,14,21
Rahman_2018_preterm_NICU,DOL 9-42,0.08421052631578947,190,21
Gasparrini_2019_infant,DOL 1-8,0.38095238095238093,21,22
Gasparrini_2019_infant,DOL 43-455,0.1111111111111111,63,22
Gasparrini_2019_infant,DOL 9-42,0.2692307692307692,26,22
Gibson_2016_preterm,DOL 1-8,0.22807017543859648,114,22
Gibson_2016_preterm,DOL 43-455,0.125,16,22
Gibson_2016_preterm,DOL 9-42,0.24731182795698925,93,22
Morrow_2016_preterm_infants,DOL 1-8,0.22641509433962265,53,22
Morrow_2016_preterm_infants,DOL 9-42,0,20,22
PRIMAL,DOL 1-8,0.11206896551724138,116,22
PRIMAL,DOL 43-455,0.04,50,22
PRIMAL,DOL 9-42,0.2465437788018433,434,22
Parnanen_2019_infant,DOL 1-8,0,1,22
Parnanen_2019_infant,DOL 9-42,0.1875,32,22
Rahman_2018_preterm_NICU,DOL 1-8,0.11827956989247312,93,22
Rahman_2018_preterm_NICU,DOL 43-455,0.14285714285714285,14,22
Rahman_2018_preterm_NICU,DOL 9-42,0.1,190,22
Gasparrini_2019_infant,DOL 1-8,0.38095238095238093,21,23
Gasparrini_2019_infant,DOL 43-455,0.1111111111111111,63,23
Gasparrini_2019_infant,DOL 9-42,0.2692307692307692,26,23
Gibson_2016_preterm,DOL 1-8,0.20175438596491227,114,23
Gibson_2016_preterm,DOL 43-455,0.0625,16,23
Gibson_2016_preterm,DOL 9-42,0.27956989247311825,93,23
Morrow_2016_preterm_infants,DOL 1-8,0.1509433962264151,53,23
Morrow_2016_preterm_infants,DOL 9-42,0,20,23
PRIMAL,DOL 1-8,0.11206896551724138,116,23
PRIMAL,DOL 43-455,0.08,50,23
PRIMAL,DOL 9-42,0.2626728110599078,434,23
Parnanen_2019_infant,DOL 1-8,0,1,23
Parnanen_2019_infant,DOL 9-42,0.21875,32,23
Rahman_2018_preterm_NICU,DOL 1-8,0.10752688172043011,93,23
Rahman_2018_preterm_NICU,DOL 43-455,0.21428571428571427,14,23
Rahman_2018_preterm_NICU,DOL 9-42,0.11578947368421053,190,23
Gasparrini_2019_infant,DOL 1-8,0.38095238095238093,21,24
Gasparrini_2019_infant,DOL 43-455,0.1111111111111111,63,24
Gasparrini_2019_infant,DOL 9-42,0.23076923076923078,26,24
Gibson_2016_preterm,DOL 1-8,0.23684210526315788,114,24
Gibson_2016_preterm,DOL 43-455,0.125,16,24
Gibson_2016_preterm,DOL 9-42,0.27956989247311825,93,24
Morrow_2016_preterm_infants,DOL 1-8,0.11320754716981132,53,24
Morrow_2016_preterm_infants,DOL 9-42,0,20,24
PRIMAL,DOL 1-8,0.08620689655172414,116,24
PRIMAL,DOL 43-455,0.1,50,24
PRIMAL,DOL 9-42,0.26036866359447003,434,24
Parnanen_2019_infant,DOL 1-8,0,1,24
Parnanen_2019_infant,DOL 9-42,0.21875,32,24
Rahman_2018_preterm_NICU,DOL 1-8,0.12903225806451613,93,24
Rahman_2018_preterm_NICU,DOL 43-455,0.21428571428571427,14,24
Rahman_2018_preterm_NICU,DOL 9-42,0.10526315789473684,190,24
Gasparrini_2019_infant,DOL 1-8,0.3333333333333333,21,25
Gasparrini_2019_infant,DOL 43-455,0.12698412698412698,63,25
Gasparrini_2019_infant,DOL 9-42,0.23076923076923078,26,25
Gibson_2016_preterm,DOL 1-8,0.21929824561403508,114,25
Gibson_2016_preterm,DOL 43-455,0,16,25
Gibson_2016_preterm,DOL 9-42,0.2903225806451613,93,25
Morrow_2016_preterm_infants,DOL 1-8,0.11320754716981132,53,25
Morrow_2016_preterm_infants,DOL 9-42,0,20,25
PRIMAL,DOL 1-8,0.08620689655172414,116,25
PRIMAL,DOL 43-455,0.04,50,25
PRIMAL,DOL 9-42,0.2626728110599078,434,25
Parnanen_2019_infant,DOL 1-8,0,1,25
Parnanen_2019_infant,DOL 9-42,0.1875,32,25
Rahman_2018_preterm_NICU,DOL 1-8,0.0967741935483871,93,25
Rahman_2018_preterm_NICU,DOL 43-455,0.14285714285714285,14,25
Rahman_2018_preterm_NICU,DOL 9-42,0.10526315789473684,190,25
Gasparrini_2019_infant,DOL 1-8,0.38095238095238093,21,26
Gasparrini_2019_infant,DOL 43-455,0.1111111111111111,63,26
Gasparrini_2019_infant,DOL 9-42,0.19230769230769232,26,26
Gibson_2016_preterm,DOL 1-8,0.20175438596491227,114,26
Gibson_2016_preterm,DOL 43-455,0.125,16,26
Gibson_2016_preterm,DOL 9-42,0.24731182795698925,93,26
Morrow_2016_preterm_infants,DOL 1-8,0.16981132075471697,53,26
Morrow_2016_preterm_infants,DOL 9-42,0,20,26
PRIMAL,DOL 1-8,0.09482758620689655,116,26
PRIMAL,DOL 43-455,0.04,50,26
PRIMAL,DOL 9-42,0.27419354838709675,434,26
Parnanen_2019_infant,DOL 1-8,0,1,26
Parnanen_2019_infant,DOL 9-42,0.21875,32,26
Rahman_2018_preterm_NICU,DOL 1-8,0.11827956989247312,93,26
Rahman_2018_preterm_NICU,DOL 43-455,0.14285714285714285,14,26
Rahman_2018_preterm_NICU,DOL 9-42,0.10526315789473684,190,26
Gasparrini_2019_infant,DOL 1-8,0.38095238095238093,21,27
Gasparrini_2019_infant,DOL 43-455,0.09523809523809523,63,27
Gasparrini_2019_infant,DOL 9-42,0.2692307692307692,26,27
Gibson_2016_preterm,DOL 1-8,0.22807017543859648,114,27
Gibson_2016_preterm,DOL 43-455,0.125,16,27
Gibson_2016_preterm,DOL 9-42,0.26881720430107525,93,27
Morrow_2016_preterm_infants,DOL 1-8,0.18867924528301888,53,27
Morrow_2016_preterm_infants,DOL 9-42,0,20,27
PRIMAL,DOL 1-8,0.08620689655172414,116,27
PRIMAL,DOL 43-455,0.06,50,27
PRIMAL,DOL 9-42,0.2626728110599078,434,27
Parnanen_2019_infant,DOL 1-8,0,1,27
Parnanen_2019_infant,DOL 9-42,0.1875,32,27
Rahman_2018_preterm_NICU,DOL 1-8,0.12903225806451613,93,27
Rahman_2018_preterm_NICU,DOL 43-455,0.14285714285714285,14,27
Rahman_2018_preterm_NICU,DOL 9-42,0.11052631578947368,190,27
Gasparrini_2019_infant,DOL 1-8,0.38095238095238093,21,28
Gasparrini_2019_infant,DOL 43-455,0.09523809523809523,63,28
Gasparrini_2019_infant,DOL 9-42,0.2692307692307692,26,28
Gibson_2016_preterm,DOL 1-8,0.21929824561403508,114,28
Gibson_2016_preterm,DOL 43-455,0.125,16,28
Gibson_2016_preterm,DOL 9-42,0.25806451612903225,93,28
Morrow_2016_preterm_infants,DOL 1-8,0.11320754716981132,53,28
Morrow_2016_preterm_infants,DOL 9-42,0,20,28
PRIMAL,DOL 1-8,0.11206896551724138,116,28
PRIMAL,DOL 43-455,0.04,50,28
PRIMAL,DOL 9-42,0.2488479262672811,434,28
Parnanen_2019_infant,DOL 1-8,0,1,28
Parnanen_2019_infant,DOL 9-42,0.15625,32,28
Rahman_2018_preterm_NICU,DOL 1-8,0.08602150537634409,93,28
Rahman_2018_preterm_NICU,DOL 43-455,0.14285714285714285,14,28
Rahman_2018_preterm_NICU,DOL 9-42,0.11578947368421053,190,28
Gasparrini_2019_infant,DOL 1-8,0.38095238095238093,21,29
Gasparrini_2019_infant,DOL 43-455,0.12698412698412698,63,29
Gasparrini_2019_infant,DOL 9-42,0.2692307692307692,26,29
Gibson_2016_preterm,DOL 1-8,0.23684210526315788,114,29
Gibson_2016_preterm,DOL 43-455,0.1875,16,29
Gibson_2016_preterm,DOL 9-42,0.23655913978494625,93,29
Morrow_2016_preterm_infants,DOL 1-8,0.22641509433962265,53,29
Morrow_2016_preterm_infants,DOL 9-42,0,20,29
PRIMAL,DOL 1-8,0.10344827586206896,116,29
PRIMAL,DOL 43-455,0.06,50,29
PRIMAL,DOL 9-42,0.2695852534562212,434,29
Parnanen_2019_infant,DOL 1-8,0,1,29
Parnanen_2019_infant,DOL 9-42,0.21875,32,29
Rahman_2018_preterm_NICU,DOL 1-8,0.11827956989247312,93,29
Rahman_2018_preterm_NICU,DOL 43-455,0.14285714285714285,14,29
Rahman_2018_preterm_NICU,DOL 9-42,0.1,190,29
Gasparrini_2019_infant,DOL 1-8,0.38095238095238093,21,30
Gasparrini_2019_infant,DOL 43-455,0.12698412698412698,63,30
Gasparrini_2019_infant,DOL 9-42,0.2692307692307692,26,30
Gibson_2016_preterm,DOL 1-8,0.21929824561403508,114,30
Gibson_2016_preterm,DOL 43-455,0.1875,16,30
Gibson_2016_preterm,DOL 9-42,0.3010752688172043,93,30
Morrow_2016_preterm_infants,DOL 1-8,0.1509433962264151,53,30
Morrow_2016_preterm_infants,DOL 9-42,0,20,30
PRIMAL,DOL 1-8,0.10344827586206896,116,30
PRIMAL,DOL 43-455,0.02,50,30
PRIMAL,DOL 9-42,0.26036866359447003,434,30
Parnanen_2019_infant,DOL 1-8,0,1,30
Parnanen_2019_infant,DOL 9-42,0.15625,32,30
Rahman_2018_preterm_NICU,DOL 1-8,0.10752688172043011,93,30
Rahman_2018_preterm_NICU,DOL 43-455,0.14285714285714285,14,30
Rahman_2018_preterm_NICU,DOL 9-42,0.10526315789473684,190,30
Gasparrini_2019_infant,DOL 1-8,0.38095238095238093,21,31
Gasparrini_2019_infant,DOL 43-455,0.1111111111111111,63,31
Gasparrini_2019_infant,DOL 9-42,0.3076923076923077,26,31
Gibson_2016_preterm,DOL 1-8,0.22807017543859648,114,31
Gibson_2016_preterm,DOL 43-455,0.125,16,31
Gibson_2016_preterm,DOL 9-42,0.2903225806451613,93,31
Morrow_2016_preterm_infants,DOL 1-8,0.11320754716981132,53,31
Morrow_2016_preterm_infants,DOL 9-42,0,20,31
PRIMAL,DOL 1-8,0.09482758620689655,116,31
PRIMAL,DOL 43-455,0.04,50,31
PRIMAL,DOL 9-42,0.27419354838709675,434,31
Parnanen_2019_infant,DOL 1-8,0,1,31
Parnanen_2019_infant,DOL 9-42,0.1875,32,31
Rahman_2018_preterm_NICU,DOL 1-8,0.0967741935483871,93,31
Rahman_2018_preterm_NICU,DOL 43-455,0.14285714285714285,14,31
Rahman_2018_preterm_NICU,DOL 9-42,0.11052631578947368,190,31
Gasparrini_2019_infant,DOL 1-8,0.38095238095238093,21,32
Gasparrini_2019_infant,DOL 43-455,0.1111111111111111,63,32
Gasparrini_2019_infant,DOL 9-42,0.19230769230769232,26,32
Gibson_2016_preterm,DOL 1-8,0.21052631578947367,114,32
Gibson_2016_preterm,DOL 43-455,0.125,16,32
Gibson_2016_preterm,DOL 9-42,0.26881720430107525,93,32
Morrow_2016_preterm_infants,DOL 1-8,0.16981132075471697,53,32
Morrow_2016_preterm_infants,DOL 9-42,0,20,32
PRIMAL,DOL 1-8,0.11206896551724138,116,32
PRIMAL,DOL 43-455,0.04,50,32
PRIMAL,DOL 9-42,0.2534562211981567,434,32
Parnanen_2019_infant,DOL 1-8,0,1,32
Parnanen_2019_infant,DOL 9-42,0.21875,32,32
Rahman_2018_preterm_NICU,DOL 1-8,0.10752688172043011,93,32
Rahman_2018_preterm_NICU,DOL 43-455,0.14285714285714285,14,32
Rahman_2018_preterm_NICU,DOL 9-42,0.13157894736842105,190,32
Gasparrini_2019_infant,DOL 1-8,0.38095238095238093,21,33
Gasparrini_2019_infant,DOL 43-455,0.12698412698412698,63,33
Gasparrini_2019_infant,DOL 9-42,0.23076923076923078,26,33
Gibson_2016_preterm,DOL 1-8,0.21052631578947367,114,33
Gibson_2016_preterm,DOL 43-455,0.0625,16,33
Gibson_2016_preterm,DOL 9-42,0.2903225806451613,93,33
Morrow_2016_preterm_infants,DOL 1-8,0.18867924528301888,53,33
Morrow_2016_preterm_infants,DOL 9-42,0,20,33
PRIMAL,DOL 1-8,0.10344827586206896,116,33
PRIMAL,DOL 43-455,0.08,50,33
PRIMAL,DOL 9-42,0.2557603686635945,434,33
Parnanen_2019_infant,DOL 1-8,0,1,33
Parnanen_2019_infant,DOL 9-42,0.09375,32,33
Rahman_2018_preterm_NICU,DOL 1-8,0.11827956989247312,93,33
Rahman_2018_preterm_NICU,DOL 43-455,0.14285714285714285,14,33
Rahman_2018_preterm_NICU,DOL 9-42,0.1,190,33
Gasparrini_2019_infant,DOL 1-8,0.38095238095238093,21,34
Gasparrini_2019_infant,DOL 43-455,0.12698412698412698,63,34
Gasparrini_2019_infant,DOL 9-42,0.23076923076923078,26,34
Gibson_2016_preterm,DOL 1-8,0.21929824561403508,114,34
Gibson_2016_preterm,DOL 43-455,0.0625,16,34
Gibson_2016_preterm,DOL 9-42,0.27956989247311825,93,34
Morrow_2016_preterm_infants,DOL 1-8,0.1320754716981132,53,34
Morrow_2016_preterm_infants,DOL 9-42,0,20,34
PRIMAL,DOL 1-8,0.08620689655172414,116,34
PRIMAL,DOL 43-455,0.08,50,34
PRIMAL,DOL 9-42,0.24423963133640553,434,34
Parnanen_2019_infant,DOL 1-8,0,1,34
Parnanen_2019_infant,DOL 9-42,0.21875,32,34
Rahman_2018_preterm_NICU,DOL 1-8,0.0967741935483871,93,34
Rahman_2018_preterm_NICU,DOL 43-455,0.14285714285714285,14,34
Rahman_2018_preterm_NICU,DOL 9-42,0.11052631578947368,190,34
Gasparrini_2019_infant,DOL 1-8,0.38095238095238093,21,35
Gasparrini_2019_infant,DOL 43-455,0.12698412698412698,63,35
Gasparrini_2019_infant,DOL 9-42,0.23076923076923078,26,35
Gibson_2016_preterm,DOL 1-8,0.21052631578947367,114,35
Gibson_2016_preterm,DOL 43-455,0.0625,16,35
Gibson_2016_preterm,DOL 9-42,0.2903225806451613,93,35
Morrow_2016_preterm_infants,DOL 1-8,0.1509433962264151,53,35
Morrow_2016_preterm_infants,DOL 9-42,0,20,35
PRIMAL,DOL 1-8,0.08620689655172414,116,35
PRIMAL,DOL 43-455,0.02,50,35
PRIMAL,DOL 9-42,0.2557603686635945,434,35
Parnanen_2019_infant,DOL 1-8,0,1,35
Parnanen_2019_infant,DOL 9-42,0.1875,32,35
Rahman_2018_preterm_NICU,DOL 1-8,0.11827956989247312,93,35
Rahman_2018_preterm_NICU,DOL 43-455,0.14285714285714285,14,35
Rahman_2018_preterm_NICU,DOL 9-42,0.12105263157894737,190,35
Gasparrini_2019_infant,DOL 1-8,0.38095238095238093,21,36
Gasparrini_2019_infant,DOL 43-455,0.12698412698412698,63,36
Gasparrini_2019_infant,DOL 9-42,0.2692307692307692,26,36
Gibson_2016_preterm,DOL 1-8,0.21929824561403508,114,36
Gibson_2016_preterm,DOL 43-455,0.125,16,36
Gibson_2016_preterm,DOL 9-42,0.3118279569892473,93,36
Morrow_2016_preterm_infants,DOL 1-8,0.1320754716981132,53,36
Morrow_2016_preterm_infants,DOL 9-42,0,20,36
PRIMAL,DOL 1-8,0.10344827586206896,116,36
PRIMAL,DOL 43-455,0.02,50,36
PRIMAL,DOL 9-42,0.26036866359447003,434,36
Parnanen_2019_infant,DOL 1-8,0,1,36
Parnanen_2019_infant,DOL 9-42,0.1875,32,36
Rahman_2018_preterm_NICU,DOL 1-8,0.12903225806451613,93,36
Rahman_2018_preterm_NICU,DOL 43-455,0.14285714285714285,14,36
Rahman_2018_preterm_NICU,DOL 9-42,0.1,190,36
Gasparrini_2019_infant,DOL 1-8,0.38095238095238093,21,37
Gasparrini_2019_infant,DOL 43-455,0.1111111111111111,63,37
Gasparrini_2019_infant,DOL 9-42,0.23076923076923078,26,37
Gibson_2016_preterm,DOL 1-8,0.20175438596491227,114,37
Gibson_2016_preterm,DOL 43-455,0.125,16,37
Gibson_2016_preterm,DOL 9-42,0.26881720430107525,93,37
Morrow_2016_preterm_infants,DOL 1-8,0.16981132075471697,53,37
Morrow_2016_preterm_infants,DOL 9-42,0,20,37
PRIMAL,DOL 1-8,0.11206896551724138,116,37
PRIMAL,DOL 43-455,0.08,50,37
PRIMAL,DOL 9-42,0.2626728110599078,434,37
Parnanen_2019_infant,DOL 1-8,0,1,37
Parnanen_2019_infant,DOL 9-42,0.15625,32,37
Rahman_2018_preterm_NICU,DOL 1-8,0.11827956989247312,93,37
Rahman_2018_preterm_NICU,DOL 43-455,0.14285714285714285,14,37
Rahman_2018_preterm_NICU,DOL 9-42,0.11052631578947368,190,37
Gasparrini_2019_infant,DOL 1-8,0.38095238095238093,21,38
Gasparrini_2019_infant,DOL 43-455,0.12698412698412698,63,38
Gasparrini_2019_infant,DOL 9-42,0.3076923076923077,26,38
Gibson_2016_preterm,DOL 1-8,0.22807017543859648,114,38
Gibson_2016_preterm,DOL 43-455,0.125,16,38
Gibson_2016_preterm,DOL 9-42,0.3010752688172043,93,38
Morrow_2016_preterm_infants,DOL 1-8,0.16981132075471697,53,38
Morrow_2016_preterm_infants,DOL 9-42,0,20,38
PRIMAL,DOL 1-8,0.09482758620689655,116,38
PRIMAL,DOL 43-455,0.08,50,38
PRIMAL,DOL 9-42,0.26036866359447003,434,38
Parnanen_2019_infant,DOL 1-8,0,1,38
Parnanen_2019_infant,DOL 9-42,0.15625,32,38
Rahman_2018_preterm_NICU,DOL 1-8,0.08602150537634409,93,38
Rahman_2018_preterm_NICU,DOL 43-455,0.14285714285714285,14,38
Rahman_2018_preterm_NICU,DOL 9-42,0.11052631578947368,190,38
Gasparrini_2019_infant,DOL 1-8,0.38095238095238093,21,39
Gasparrini_2019_infant,DOL 43-455,0.1111111111111111,63,39
Gasparrini_2019_infant,DOL 9-42,0.3076923076923077,26,39
Gibson_2016_preterm,DOL 1-8,0.23684210526315788,114,39
Gibson_2016_preterm,DOL 43-455,0.0625,16,39
Gibson_2016_preterm,DOL 9-42,0.22580645161290322,93,39
Morrow_2016_preterm_infants,DOL 1-8,0.18867924528301888,53,39
Morrow_2016_preterm_infants,DOL 9-42,0,20,39
PRIMAL,DOL 1-8,0.09482758620689655,116,39
PRIMAL,DOL 43-455,0.04,50,39
PRIMAL,DOL 9-42,0.26497695852534564,434,39
Parnanen_2019_infant,DOL 1-8,0,1,39
Parnanen_2019_infant,DOL 9-42,0.15625,32,39
Rahman_2018_preterm_NICU,DOL 1-8,0.11827956989247312,93,39
Rahman_2018_preterm_NICU,DOL 43-455,0.14285714285714285,14,39
Rahman_2018_preterm_NICU,DOL 9-42,0.10526315789473684,190,39
Gasparrini_2019_infant,DOL 1-8,0.38095238095238093,21,40
Gasparrini_2019_infant,DOL 43-455,0.1111111111111111,63,40
Gasparrini_2019_infant,DOL 9-42,0.19230769230769232,26,40
Gibson_2016_preterm,DOL 1-8,0.22807017543859648,114,40
Gibson_2016_preterm,DOL 43-455,0.0625,16,40
Gibson_2016_preterm,DOL 9-42,0.2903225806451613,93,40
Morrow_2016_preterm_infants,DOL 1-8,0.11320754716981132,53,40
Morrow_2016_preterm_infants,DOL 9-42,0.05,20,40
PRIMAL,DOL 1-8,0.08620689655172414,116,40
PRIMAL,DOL 43-455,0.06,50,40
PRIMAL,DOL 9-42,0.26497695852534564,434,40
Parnanen_2019_infant,DOL 1-8,0,1,40
Parnanen_2019_infant,DOL 9-42,0.15625,32,40
Rahman_2018_preterm_NICU,DOL 1-8,0.13978494623655913,93,40
Rahman_2018_preterm_NICU,DOL 43-455,0.14285714285714285,14,40
Rahman_2018_preterm_NICU,DOL 9-42,0.08947368421052632,190,40
Gasparrini_2019_infant,DOL 1-8,0.3333333333333333,21,41
Gasparrini_2019_infant,DOL 43-455,0.1111111111111111,63,41
Gasparrini_2019_infant,DOL 9-42,0.2692307692307692,26,41
Gibson_2016_preterm,DOL 1-8,0.23684210526315788,114,41
Gibson_2016_preterm,DOL 43-455,0.125,16,41
Gibson_2016_preterm,DOL 9-42,0.27956989247311825,93,41
Morrow_2016_preterm_infants,DOL 1-8,0.18867924528301888,53,41
Morrow_2016_preterm_infants,DOL 9-42,0,20,41
PRIMAL,DOL 1-8,0.10344827586206896,116,41
PRIMAL,DOL 43-455,0.06,50,41
PRIMAL,DOL 9-42,0.26036866359447003,434,41
Parnanen_2019_infant,DOL 1-8,0,1,41
Parnanen_2019_infant,DOL 9-42,0.15625,32,41
Rahman_2018_preterm_NICU,DOL 1-8,0.10752688172043011,93,41
Rahman_2018_preterm_NICU,DOL 43-455,0.14285714285714285,14,41
Rahman_2018_preterm_NICU,DOL 9-42,0.11052631578947368,190,41
Gasparrini_2019_infant,DOL 1-8,0.38095238095238093,21,42
Gasparrini_2019_infant,DOL 43-455,0.12698412698412698,63,42
Gasparrini_2019_infant,DOL 9-42,0.23076923076923078,26,42
Gibson_2016_preterm,DOL 1-8,0.21929824561403508,114,42
Gibson_2016_preterm,DOL 43-455,0.125,16,42
Gibson_2016_preterm,DOL 9-42,0.24731182795698925,93,42
Morrow_2016_preterm_infants,DOL 1-8,0.1320754716981132,53,42
Morrow_2016_preterm_infants,DOL 9-42,0,20,42
PRIMAL,DOL 1-8,0.09482758620689655,116,42
PRIMAL,DOL 43-455,0.1,50,42
PRIMAL,DOL 9-42,0.2695852534562212,434,42
Parnanen_2019_infant,DOL 1-8,0,1,42
Parnanen_2019_infant,DOL 9-42,0.1875,32,42
Rahman_2018_preterm_NICU,DOL 1-8,0.11827956989247312,93,42
Rahman_2018_preterm_NICU,DOL 43-455,0.14285714285714285,14,42
Rahman_2018_preterm_NICU,DOL 9-42,0.11052631578947368,190,42
Gasparrini_2019_infant,DOL 1-8,0.38095238095238093,21,43
Gasparrini_2019_infant,DOL 43-455,0.1111111111111111,63,43
Gasparrini_2019_infant,DOL 9-42,0.23076923076923078,26,43
Gibson_2016_preterm,DOL 1-8,0.22807017543859648,114,43
Gibson_2016_preterm,DOL 43-455,0.125,16,43
Gibson_2016_preterm,DOL 9-42,0.2903225806451613,93,43
Morrow_2016_preterm_infants,DOL 1-8,0.1509433962264151,53,43
Morrow_2016_preterm_infants,DOL 9-42,0,20,43
PRIMAL,DOL 1-8,0.10344827586206896,116,43
PRIMAL,DOL 43-455,0.02,50,43
PRIMAL,DOL 9-42,0.24423963133640553,434,43
Parnanen_2019_infant,DOL 1-8,0,1,43
Parnanen_2019_infant,DOL 9-42,0.1875,32,43
Rahman_2018_preterm_NICU,DOL 1-8,0.0967741935483871,93,43
Rahman_2018_preterm_NICU,DOL 43-455,0.14285714285714285,14,43
Rahman_2018_preterm_NICU,DOL 9-42,0.10526315789473684,190,43
Gasparrini_2019_infant,DOL 1-8,0.38095238095238093,21,44
Gasparrini_2019_infant,DOL 43-455,0.09523809523809523,63,44
Gasparrini_2019_infant,DOL 9-42,0.3076923076923077,26,44
Gibson_2016_preterm,DOL 1-8,0.22807017543859648,114,44
Gibson_2016_preterm,DOL 43-455,0.125,16,44
Gibson_2016_preterm,DOL 9-42,0.27956989247311825,93,44
Morrow_2016_preterm_infants,DOL 1-8,0.1320754716981132,53,44
Morrow_2016_preterm_infants,DOL 9-42,0.05,20,44
PRIMAL,DOL 1-8,0.09482758620689655,116,44
PRIMAL,DOL 43-455,0.06,50,44
PRIMAL,DOL 9-42,0.26036866359447003,434,44
Parnanen_2019_infant,DOL 1-8,0,1,44
Parnanen_2019_infant,DOL 9-42,0.1875,32,44
Rahman_2018_preterm_NICU,DOL 1-8,0.11827956989247312,93,44
Rahman_2018_preterm_NICU,DOL 43-455,0.14285714285714285,14,44
Rahman_2018_preterm_NICU,DOL 9-42,0.09473684210526316,190,44
Gasparrini_2019_infant,DOL 1-8,0.38095238095238093,21,45
Gasparrini_2019_infant,DOL 43-455,0.1111111111111111,63,45
Gasparrini_2019_infant,DOL 9-42,0.3076923076923077,26,45
Gibson_2016_preterm,DOL 1-8,0.22807017543859648,114,45
Gibson_2016_preterm,DOL 43-455,0.0625,16,45
Gibson_2016_preterm,DOL 9-42,0.25806451612903225,93,45
Morrow_2016_preterm_infants,DOL 1-8,0.11320754716981132,53,45
Morrow_2016_preterm_infants,DOL 9-42,0,20,45
PRIMAL,DOL 1-8,0.10344827586206896,116,45
PRIMAL,DOL 43-455,0.02,50,45
PRIMAL,DOL 9-42,0.2557603686635945,434,45
Parnanen_2019_infant,DOL 1-8,0,1,45
Parnanen_2019_infant,DOL 9-42,0.1875,32,45
Rahman_2018_preterm_NICU,DOL 1-8,0.0967741935483871,93,45
Rahman_2018_preterm_NICU,DOL 43-455,0.14285714285714285,14,45
Rahman_2018_preterm_NICU,DOL 9-42,0.1,190,45
Gasparrini_2019_infant,DOL 1-8,0.38095238095238093,21,46
Gasparrini_2019_infant,DOL 43-455,0.12698412698412698,63,46
Gasparrini_2019_infant,DOL 9-42,0.2692307692307692,26,46
Gibson_2016_preterm,DOL 1-8,0.21929824561403508,114,46
Gibson_2016_preterm,DOL 43-455,0.125,16,46
Gibson_2016_preterm,DOL 9-42,0.3010752688172043,93,46
Morrow_2016_preterm_infants,DOL 1-8,0.1509433962264151,53,46
Morrow_2016_preterm_infants,DOL 9-42,0,20,46
PRIMAL,DOL 1-8,0.09482758620689655,116,46
PRIMAL,DOL 43-455,0.08,50,46
PRIMAL,DOL 9-42,0.2764976958525346,434,46
Parnanen_2019_infant,DOL 1-8,0,1,46
Parnanen_2019_infant,DOL 9-42,0.15625,32,46
Rahman_2018_preterm_NICU,DOL 1-8,0.11827956989247312,93,46
Rahman_2018_preterm_NICU,DOL 43-455,0.14285714285714285,14,46
Rahman_2018_preterm_NICU,DOL 9-42,0.08947368421052632,190,46
Gasparrini_2019_infant,DOL 1-8,0.38095238095238093,21,47
Gasparrini_2019_infant,DOL 43-455,0.1111111111111111,63,47
Gasparrini_2019_infant,DOL 9-42,0.2692307692307692,26,47
Gibson_2016_preterm,DOL 1-8,0.21929824561403508,114,47
Gibson_2016_preterm,DOL 43-455,0.0625,16,47
Gibson_2016_preterm,DOL 9-42,0.2903225806451613,93,47
Morrow_2016_preterm_infants,DOL 1-8,0.09433962264150944,53,47
Morrow_2016_preterm_infants,DOL 9-42,0,20,47
PRIMAL,DOL 1-8,0.11206896551724138,116,47
PRIMAL,DOL 43-455,0.08,50,47
PRIMAL,DOL 9-42,0.2695852534562212,434,47
Parnanen_2019_infant,DOL 1-8,0,1,47
Parnanen_2019_infant,DOL 9-42,0.1875,32,47
Rahman_2018_preterm_NICU,DOL 1-8,0.10752688172043011,93,47
Rahman_2018_preterm_NICU,DOL 43-455,0.14285714285714285,14,47
Rahman_2018_preterm_NICU,DOL 9-42,0.10526315789473684,190,47
Gasparrini_2019_infant,DOL 1-8,0.38095238095238093,21,48
Gasparrini_2019_infant,DOL 43-455,0.1111111111111111,63,48
Gasparrini_2019_infant,DOL 9-42,0.3076923076923077,26,48
Gibson_2016_preterm,DOL 1-8,0.21052631578947367,114,48
Gibson_2016_preterm,DOL 43-455,0.125,16,48
Gibson_2016_preterm,DOL 9-42,0.26881720430107525,93,48
Morrow_2016_preterm_infants,DOL 1-8,0.16981132075471697,53,48
Morrow_2016_preterm_infants,DOL 9-42,0,20,48
PRIMAL,DOL 1-8,0.1206896551724138,116,48
PRIMAL,DOL 43-455,0.06,50,48
PRIMAL,DOL 9-42,0.28110599078341014,434,48
Parnanen_2019_infant,DOL 1-8,0,1,48
Parnanen_2019_infant,DOL 9-42,0.1875,32,48
Rahman_2018_preterm_NICU,DOL 1-8,0.10752688172043011,93,48
Rahman_2018_preterm_NICU,DOL 43-455,0.14285714285714285,14,48
Rahman_2018_preterm_NICU,DOL 9-42,0.11052631578947368,190,48
Gasparrini_2019_infant,DOL 1-8,0.38095238095238093,21,49
Gasparrini_2019_infant,DOL 43-455,0.1111111111111111,63,49
Gasparrini_2019_infant,DOL 9-42,0.3076923076923077,26,49
Gibson_2016_preterm,DOL 1-8,0.21052631578947367,114,49
Gibson_2016_preterm,DOL 43-455,0.1875,16,49
Gibson_2016_preterm,DOL 9-42,0.3010752688172043,93,49
Morrow_2016_preterm_infants,DOL 1-8,0.11320754716981132,53,49
Morrow_2016_preterm_infants,DOL 9-42,0,20,49
PRIMAL,DOL 1-8,0.09482758620689655,116,49
PRIMAL,DOL 43-455,0.02,50,49
PRIMAL,DOL 9-42,0.2672811059907834,434,49
Parnanen_2019_infant,DOL 1-8,0,1,49
Parnanen_2019_infant,DOL 9-42,0.15625,32,49
Rahman_2018_preterm_NICU,DOL 1-8,0.11827956989247312,93,49
Rahman_2018_preterm_NICU,DOL 43-455,0.14285714285714285,14,49
Rahman_2018_preterm_NICU,DOL 9-42,0.13157894736842105,190,49
Gasparrini_2019_infant,DOL 1-8,0.38095238095238093,21,50
Gasparrini_2019_infant,DOL 43-455,0.1111111111111111,63,50
Gasparrini_2019_infant,DOL 9-42,0.3076923076923077,26,50
Gibson_2016_preterm,DOL 1-8,0.21052631578947367,114,50
Gibson_2016_preterm,DOL 43-455,0.125,16,50
Gibson_2016_preterm,DOL 9-42,0.25806451612903225,93,50
Morrow_2016_preterm_infants,DOL 1-8,0.1320754716981132,53,50
Morrow_2016_preterm_infants,DOL 9-42,0,20,50
PRIMAL,DOL 1-8,0.09482758620689655,116,50
PRIMAL,DOL 43-455,0.06,50,50
PRIMAL,DOL 9-42,0.27419354838709675,434,50
Parnanen_2019_infant,DOL 1-8,0,1,50
Parnanen_2019_infant,DOL 9-42,0.1875,32,50
Rahman_2018_preterm_NICU,DOL 1-8,0.11827956989247312,93,50
Rahman_2018_preterm_NICU,DOL 43-455,0.14285714285714285,14,50
Rahman_2018_preterm_NICU,DOL 9-42,0.11052631578947368,190,50
Gasparrini_2019_infant,DOL 1-8,0.3333333333333333,21,51
Gasparrini_2019_infant,DOL 43-455,0.1111111111111111,63,51
Gasparrini_2019_infant,DOL 9-42,0.3076923076923077,26,51
Gibson_2016_preterm,DOL 1-8,0.22807017543859648,114,51
Gibson_2016_preterm,DOL 43-455,0.125,16,51
Gibson_2016_preterm,DOL 9-42,0.2903225806451613,93,51
Morrow_2016_preterm_infants,DOL 1-8,0.1320754716981132,53,51
Morrow_2016_preterm_infants,DOL 9-42,0,20,51
PRIMAL,DOL 1-8,0.09482758620689655,116,51
PRIMAL,DOL 43-455,0.04,50,51
PRIMAL,DOL 9-42,0.2695852534562212,434,51
Parnanen_2019_infant,DOL 1-8,0,1,51
Parnanen_2019_infant,DOL 9-42,0.15625,32,51
Rahman_2018_preterm_NICU,DOL 1-8,0.0967741935483871,93,51
Rahman_2018_preterm_NICU,DOL 43-455,0.14285714285714285,14,51
Rahman_2018_preterm_NICU,DOL 9-42,0.12631578947368421,190,51
Gasparrini_2019_infant,DOL 1-8,0.3333333333333333,21,52
Gasparrini_2019_infant,DOL 43-455,0.12698412698412698,63,52
Gasparrini_2019_infant,DOL 9-42,0.2692307692307692,26,52
Gibson_2016_preterm,DOL 1-8,0.21052631578947367,114,52
Gibson_2016_preterm,DOL 43-455,0.125,16,52
Gibson_2016_preterm,DOL 9-42,0.27956989247311825,93,52
Morrow_2016_preterm_infants,DOL 1-8,0.1320754716981132,53,52
Morrow_2016_preterm_infants,DOL 9-42,0.05,20,52
PRIMAL,DOL 1-8,0.09482758620689655,116,52
PRIMAL,DOL 43-455,0.02,50,52
PRIMAL,DOL 9-42,0.24423963133640553,434,52
Parnanen_2019_infant,DOL 1-8,0,1,52
Parnanen_2019_infant,DOL 9-42,0.1875,32,52
Rahman_2018_preterm_NICU,DOL 1-8,0.10752688172043011,93,52
Rahman_2018_preterm_NICU,DOL 43-455,0.21428571428571427,14,52
Rahman_2018_preterm_NICU,DOL 9-42,0.11578947368421053,190,52
Gasparrini_2019_infant,DOL 1-8,0.38095238095238093,21,53
Gasparrini_2019_infant,DOL 43-455,0.09523809523809523,63,53
Gasparrini_2019_infant,DOL 9-42,0.2692307692307692,26,53
Gibson_2016_preterm,DOL 1-8,0.21929824561403508,114,53
Gibson_2016_preterm,DOL 43-455,0.125,16,53
Gibson_2016_preterm,DOL 9-42,0.27956989247311825,93,53
Morrow_2016_preterm_infants,DOL 1-8,0.16981132075471697,53,53
Morrow_2016_preterm_infants,DOL 9-42,0.05,20,53
PRIMAL,DOL 1-8,0.08620689655172414,116,53
PRIMAL,DOL 43-455,0.04,50,53
PRIMAL,DOL 9-42,0.2511520737327189,434,53
Parnanen_2019_infant,DOL 1-8,0,1,53
Parnanen_2019_infant,DOL 9-42,0.21875,32,53
Rahman_2018_preterm_NICU,DOL 1-8,0.11827956989247312,93,53
Rahman_2018_preterm_NICU,DOL 43-455,0.14285714285714285,14,53
Rahman_2018_preterm_NICU,DOL 9-42,0.10526315789473684,190,53
Gasparrini_2019_infant,DOL 1-8,0.38095238095238093,21,54
Gasparrini_2019_infant,DOL 43-455,0.12698412698412698,63,54
Gasparrini_2019_infant,DOL 9-42,0.23076923076923078,26,54
Gibson_2016_preterm,DOL 1-8,0.21929824561403508,114,54
Gibson_2016_preterm,DOL 43-455,0.1875,16,54
Gibson_2016_preterm,DOL 9-42,0.23655913978494625,93,54
Morrow_2016_preterm_infants,DOL 1-8,0.11320754716981132,53,54
Morrow_2016_preterm_infants,DOL 9-42,0.05,20,54
PRIMAL,DOL 1-8,0.11206896551724138,116,54
PRIMAL,DOL 43-455,0.02,50,54
PRIMAL,DOL 9-42,0.26497695852534564,434,54
Parnanen_2019_infant,DOL 1-8,0,1,54
Parnanen_2019_infant,DOL 9-42,0.15625,32,54
Rahman_2018_preterm_NICU,DOL 1-8,0.10752688172043011,93,54
Rahman_2018_preterm_NICU,DOL 43-455,0.14285714285714285,14,54
Rahman_2018_preterm_NICU,DOL 9-42,0.12631578947368421,190,54
Gasparrini_2019_infant,DOL 1-8,0.38095238095238093,21,55
Gasparrini_2019_infant,DOL 43-455,0.09523809523809523,63,55
Gasparrini_2019_infant,DOL 9-42,0.3076923076923077,26,55
Gibson_2016_preterm,DOL 1-8,0.21052631578947367,114,55
Gibson_2016_preterm,DOL 43-455,0.125,16,55
Gibson_2016_preterm,DOL 9-42,0.26881720430107525,93,55
Morrow_2016_preterm_infants,DOL 1-8,0.11320754716981132,53,55
Morrow_2016_preterm_infants,DOL 9-42,0.05,20,55
PRIMAL,DOL 1-8,0.10344827586206896,116,55
PRIMAL,DOL 43-455,0.04,50,55
PRIMAL,DOL 9-42,0.2511520737327189,434,55
Parnanen_2019_infant,DOL 1-8,0,1,55
Parnanen_2019_infant,DOL 9-42,0.15625,32,55
Rahman_2018_preterm_NICU,DOL 1-8,0.10752688172043011,93,55
Rahman_2018_preterm_NICU,DOL 43-455,0.14285714285714285,14,55
Rahman_2018_preterm_NICU,DOL 9-42,0.09473684210526316,190,55
Gasparrini_2019_infant,DOL 1-8,0.38095238095238093,21,56
Gasparrini_2019_infant,DOL 43-455,0.1111111111111111,63,56
Gasparrini_2019_infant,DOL 9-42,0.2692307692307692,26,56
Gibson_2016_preterm,DOL 1-8,0.22807017543859648,114,56
Gibson_2016_preterm,DOL 43-455,0.125,16,56
Gibson_2016_preterm,DOL 9-42,0.26881720430107525,93,56
Morrow_2016_preterm_infants,DOL 1-8,0.1320754716981132,53,56
Morrow_2016_preterm_infants,DOL 9-42,0,20,56
PRIMAL,DOL 1-8,0.09482758620689655,116,56
PRIMAL,DOL 43-455,0.14,50,56
PRIMAL,DOL 9-42,0.26497695852534564,434,56
Parnanen_2019_infant,DOL 1-8,0,1,56
Parnanen_2019_infant,DOL 9-42,0.21875,32,56
Rahman_2018_preterm_NICU,DOL 1-8,0.12903225806451613,93,56
Rahman_2018_preterm_NICU,DOL 43-455,0.14285714285714285,14,56
Rahman_2018_preterm_NICU,DOL 9-42,0.08421052631578947,190,56
Gasparrini_2019_infant,DOL 1-8,0.38095238095238093,21,57
Gasparrini_2019_infant,DOL 43-455,0.12698412698412698,63,57
Gasparrini_2019_infant,DOL 9-42,0.2692307692307692,26,57
Gibson_2016_preterm,DOL 1-8,0.21929824561403508,114,57
Gibson_2016_preterm,DOL 43-455,0.125,16,57
Gibson_2016_preterm,DOL 9-42,0.26881720430107525,93,57
Morrow_2016_preterm_infants,DOL 1-8,0.11320754716981132,53,57
Morrow_2016_preterm_infants,DOL 9-42,0,20,57
PRIMAL,DOL 1-8,0.08620689655172414,116,57
PRIMAL,DOL 43-455,0.12,50,57
PRIMAL,DOL 9-42,0.2695852534562212,434,57
Parnanen_2019_infant,DOL 1-8,0,1,57
Parnanen_2019_infant,DOL 9-42,0.15625,32,57
Rahman_2018_preterm_NICU,DOL 1-8,0.0967741935483871,93,57
Rahman_2018_preterm_NICU,DOL 43-455,0.14285714285714285,14,57
Rahman_2018_preterm_NICU,DOL 9-42,0.11052631578947368,190,57
Gasparrini_2019_infant,DOL 1-8,0.38095238095238093,21,58
Gasparrini_2019_infant,DOL 43-455,0.1111111111111111,63,58
Gasparrini_2019_infant,DOL 9-42,0.2692307692307692,26,58
Gibson_2016_preterm,DOL 1-8,0.22807017543859648,114,58
Gibson_2016_preterm,DOL 43-455,0.125,16,58
Gibson_2016_preterm,DOL 9-42,0.2903225806451613,93,58
Morrow_2016_preterm_infants,DOL 1-8,0.11320754716981132,53,58
Morrow_2016_preterm_infants,DOL 9-42,0,20,58
PRIMAL,DOL 1-8,0.09482758620689655,116,58
PRIMAL,DOL 43-455,0.06,50,58
PRIMAL,DOL 9-42,0.25806451612903225,434,58
Parnanen_2019_infant,DOL 1-8,0,1,58
Parnanen_2019_infant,DOL 9-42,0.15625,32,58
Rahman_2018_preterm_NICU,DOL 1-8,0.11827956989247312,93,58
Rahman_2018_preterm_NICU,DOL 43-455,0.14285714285714285,14,58
Rahman_2018_preterm_NICU,DOL 9-42,0.11052631578947368,190,58
Gasparrini_2019_infant,DOL 1-8,0.38095238095238093,21,59
Gasparrini_2019_infant,DOL 43-455,0.1111111111111111,63,59
Gasparrini_2019_infant,DOL 9-42,0.23076923076923078,26,59
Gibson_2016_preterm,DOL 1-8,0.21929824561403508,114,59
Gibson_2016_preterm,DOL 43-455,0.1875,16,59
Gibson_2016_preterm,DOL 9-42,0.27956989247311825,93,59
Morrow_2016_preterm_infants,DOL 1-8,0.1509433962264151,53,59
Morrow_2016_preterm_infants,DOL 9-42,0.05,20,59
PRIMAL,DOL 1-8,0.10344827586206896,116,59
PRIMAL,DOL 43-455,0.1,50,59
PRIMAL,DOL 9-42,0.26497695852534564,434,59
Parnanen_2019_infant,DOL 1-8,0,1,59
Parnanen_2019_infant,DOL 9-42,0.21875,32,59
Rahman_2018_preterm_NICU,DOL 1-8,0.07526881720430108,93,59
Rahman_2018_preterm_NICU,DOL 43-455,0.21428571428571427,14,59
Rahman_2018_preterm_NICU,DOL 9-42,0.12105263157894737,190,59
Gasparrini_2019_infant,DOL 1-8,0.38095238095238093,21,60
Gasparrini_2019_infant,DOL 43-455,0.1111111111111111,63,60
Gasparrini_2019_infant,DOL 9-42,0.2692307692307692,26,60
Gibson_2016_preterm,DOL 1-8,0.21052631578947367,114,60
Gibson_2016_preterm,DOL 43-455,0.125,16,60
Gibson_2016_preterm,DOL 9-42,0.26881720430107525,93,60
Morrow_2016_preterm_infants,DOL 1-8,0.18867924528301888,53,60
Morrow_2016_preterm_infants,DOL 9-42,0,20,60
PRIMAL,DOL 1-8,0.09482758620689655,116,60
PRIMAL,DOL 43-455,0.06,50,60
PRIMAL,DOL 9-42,0.24423963133640553,434,60
Parnanen_2019_infant,DOL 1-8,0,1,60
Parnanen_2019_infant,DOL 9-42,0.1875,32,60
Rahman_2018_preterm_NICU,DOL 1-8,0.11827956989247312,93,60
Rahman_2018_preterm_NICU,DOL 43-455,0.14285714285714285,14,60
Rahman_2018_preterm_NICU,DOL 9-42,0.09473684210526316,190,60
Gasparrini_2019_infant,DOL 1-8,0.38095238095238093,21,61
Gasparrini_2019_infant,DOL 43-455,0.1111111111111111,63,61
Gasparrini_2019_infant,DOL 9-42,0.23076923076923078,26,61
Gibson_2016_preterm,DOL 1-8,0.21052631578947367,114,61
Gibson_2016_preterm,DOL 43-455,0.1875,16,61
Gibson_2016_preterm,DOL 9-42,0.2903225806451613,93,61
Morrow_2016_preterm_infants,DOL 1-8,0.1320754716981132,53,61
Morrow_2016_preterm_infants,DOL 9-42,0,20,61
PRIMAL,DOL 1-8,0.10344827586206896,116,61
PRIMAL,DOL 43-455,0.02,50,61
PRIMAL,DOL 9-42,0.2626728110599078,434,61
Parnanen_2019_infant,DOL 1-8,0,1,61
Parnanen_2019_infant,DOL 9-42,0.15625,32,61
Rahman_2018_preterm_NICU,DOL 1-8,0.0967741935483871,93,61
Rahman_2018_preterm_NICU,DOL 43-455,0.14285714285714285,14,61
Rahman_2018_preterm_NICU,DOL 9-42,0.1,190,61
Gasparrini_2019_infant,DOL 1-8,0.38095238095238093,21,62
Gasparrini_2019_infant,DOL 43-455,0.12698412698412698,63,62
Gasparrini_2019_infant,DOL 9-42,0.3076923076923077,26,62
Gibson_2016_preterm,DOL 1-8,0.22807017543859648,114,62
Gibson_2016_preterm,DOL 43-455,0.1875,16,62
Gibson_2016_preterm,DOL 9-42,0.2903225806451613,93,62
Morrow_2016_preterm_infants,DOL 1-8,0.16981132075471697,53,62
Morrow_2016_preterm_infants,DOL 9-42,0,20,62
PRIMAL,DOL 1-8,0.08620689655172414,116,62
PRIMAL,DOL 43-455,0.06,50,62
PRIMAL,DOL 9-42,0.24423963133640553,434,62
Parnanen_2019_infant,DOL 1-8,0,1,62
Parnanen_2019_infant,DOL 9-42,0.1875,32,62
Rahman_2018_preterm_NICU,DOL 1-8,0.10752688172043011,93,62
Rahman_2018_preterm_NICU,DOL 43-455,0.14285714285714285,14,62
Rahman_2018_preterm_NICU,DOL 9-42,0.10526315789473684,190,62
Gasparrini_2019_infant,DOL 1-8,0.3333333333333333,21,63
Gasparrini_2019_infant,DOL 43-455,0.12698412698412698,63,63
Gasparrini_2019_infant,DOL 9-42,0.23076923076923078,26,63
Gibson_2016_preterm,DOL 1-8,0.22807017543859648,114,63
Gibson_2016_preterm,DOL 43-455,0.1875,16,63
Gibson_2016_preterm,DOL 9-42,0.27956989247311825,93,63
Morrow_2016_preterm_infants,DOL 1-8,0.1509433962264151,53,63
Morrow_2016_preterm_infants,DOL 9-42,0,20,63
PRIMAL,DOL 1-8,0.09482758620689655,116,63
PRIMAL,DOL 43-455,0.04,50,63
PRIMAL,DOL 9-42,0.2626728110599078,434,63
Parnanen_2019_infant,DOL 1-8,0,1,63
Parnanen_2019_infant,DOL 9-42,0.1875,32,63
Rahman_2018_preterm_NICU,DOL 1-8,0.10752688172043011,93,63
Rahman_2018_preterm_NICU,DOL 43-455,0.14285714285714285,14,63
Rahman_2018_preterm_NICU,DOL 9-42,0.11578947368421053,190,63
Gasparrini_2019_infant,DOL 1-8,0.38095238095238093,21,64
Gasparrini_2019_infant,DOL 43-455,0.12698412698412698,63,64
Gasparrini_2019_infant,DOL 9-42,0.2692307692307692,26,64
Gibson_2016_preterm,DOL 1-8,0.21929824561403508,114,64
Gibson_2016_preterm,DOL 43-455,0.125,16,64
Gibson_2016_preterm,DOL 9-42,0.25806451612903225,93,64
Morrow_2016_preterm_infants,DOL 1-8,0.11320754716981132,53,64
Morrow_2016_preterm_infants,DOL 9-42,0,20,64
PRIMAL,DOL 1-8,0.08620689655172414,116,64
PRIMAL,DOL 43-455,0.06,50,64
PRIMAL,DOL 9-42,0.26497695852534564,434,64
Parnanen_2019_infant,DOL 1-8,0,1,64
Parnanen_2019_infant,DOL 9-42,0.15625,32,64
Rahman_2018_preterm_NICU,DOL 1-8,0.10752688172043011,93,64
Rahman_2018_preterm_NICU,DOL 43-455,0.14285714285714285,14,64
Rahman_2018_preterm_NICU,DOL 9-42,0.1,190,64
Gasparrini_2019_infant,DOL 1-8,0.38095238095238093,21,65
Gasparrini_2019_infant,DOL 43-455,0.12698412698412698,63,65
Gasparrini_2019_infant,DOL 9-42,0.23076923076923078,26,65
Gibson_2016_preterm,DOL 1-8,0.21929824561403508,114,65
Gibson_2016_preterm,DOL 43-455,0.125,16,65
Gibson_2016_preterm,DOL 9-42,0.2903225806451613,93,65
Morrow_2016_preterm_infants,DOL 1-8,0.11320754716981132,53,65
Morrow_2016_preterm_infants,DOL 9-42,0.05,20,65
PRIMAL,DOL 1-8,0.11206896551724138,116,65
PRIMAL,DOL 43-455,0.04,50,65
PRIMAL,DOL 9-42,0.2626728110599078,434,65
Parnanen_2019_infant,DOL 1-8,0,1,65
Parnanen_2019_infant,DOL 9-42,0.1875,32,65
Rahman_2018_preterm_NICU,DOL 1-8,0.12903225806451613,93,65
Rahman_2018_preterm_NICU,DOL 43-455,0.14285714285714285,14,65
Rahman_2018_preterm_NICU,DOL 9-42,0.08947368421052632,190,65
Gasparrini_2019_infant,DOL 1-8,0.3333333333333333,21,66
Gasparrini_2019_infant,DOL 43-455,0.12698412698412698,63,66
Gasparrini_2019_infant,DOL 9-42,0.19230769230769232,26,66
Gibson_2016_preterm,DOL 1-8,0.21929824561403508,114,66
Gibson_2016_preterm,DOL 43-455,0.125,16,66
Gibson_2016_preterm,DOL 9-42,0.27956989247311825,93,66
Morrow_2016_preterm_infants,DOL 1-8,0.1320754716981132,53,66
Morrow_2016_preterm_infants,DOL 9-42,0,20,66
PRIMAL,DOL 1-8,0.09482758620689655,116,66
PRIMAL,DOL 43-455,0.08,50,66
PRIMAL,DOL 9-42,0.25806451612903225,434,66
Parnanen_2019_infant,DOL 1-8,0,1,66
Parnanen_2019_infant,DOL 9-42,0.1875,32,66
Rahman_2018_preterm_NICU,DOL 1-8,0.08602150537634409,93,66
Rahman_2018_preterm_NICU,DOL 43-455,0.14285714285714285,14,66
Rahman_2018_preterm_NICU,DOL 9-42,0.11052631578947368,190,66
Gasparrini_2019_infant,DOL 1-8,0.38095238095238093,21,67
Gasparrini_2019_infant,DOL 43-455,0.1111111111111111,63,67
Gasparrini_2019_infant,DOL 9-42,0.2692307692307692,26,67
Gibson_2016_preterm,DOL 1-8,0.21052631578947367,114,67
Gibson_2016_preterm,DOL 43-455,0.125,16,67
Gibson_2016_preterm,DOL 9-42,0.2903225806451613,93,67
Morrow_2016_preterm_infants,DOL 1-8,0.16981132075471697,53,67
Morrow_2016_preterm_infants,DOL 9-42,0,20,67
PRIMAL,DOL 1-8,0.11206896551724138,116,67
PRIMAL,DOL 43-455,0.02,50,67
PRIMAL,DOL 9-42,0.2534562211981567,434,67
Parnanen_2019_infant,DOL 1-8,0,1,67
Parnanen_2019_infant,DOL 9-42,0.1875,32,67
Rahman_2018_preterm_NICU,DOL 1-8,0.10752688172043011,93,67
Rahman_2018_preterm_NICU,DOL 43-455,0.14285714285714285,14,67
Rahman_2018_preterm_NICU,DOL 9-42,0.10526315789473684,190,67
Gasparrini_2019_infant,DOL 1-8,0.38095238095238093,21,68
Gasparrini_2019_infant,DOL 43-455,0.1111111111111111,63,68
Gasparrini_2019_infant,DOL 9-42,0.23076923076923078,26,68
Gibson_2016_preterm,DOL 1-8,0.22807017543859648,114,68
Gibson_2016_preterm,DOL 43-455,0.1875,16,68
Gibson_2016_preterm,DOL 9-42,0.2903225806451613,93,68
Morrow_2016_preterm_infants,DOL 1-8,0.1509433962264151,53,68
Morrow_2016_preterm_infants,DOL 9-42,0.05,20,68
PRIMAL,DOL 1-8,0.12931034482758622,116,68
PRIMAL,DOL 43-455,0.06,50,68
PRIMAL,DOL 9-42,0.271889400921659,434,68
Parnanen_2019_infant,DOL 1-8,0,1,68
Parnanen_2019_infant,DOL 9-42,0.1875,32,68
Rahman_2018_preterm_NICU,DOL 1-8,0.12903225806451613,93,68
Rahman_2018_preterm_NICU,DOL 43-455,0.14285714285714285,14,68
Rahman_2018_preterm_NICU,DOL 9-42,0.1,190,68
Gasparrini_2019_infant,DOL 1-8,0.38095238095238093,21,69
Gasparrini_2019_infant,DOL 43-455,0.12698412698412698,63,69
Gasparrini_2019_infant,DOL 9-42,0.2692307692307692,26,69
Gibson_2016_preterm,DOL 1-8,0.20175438596491227,114,69
Gibson_2016_preterm,DOL 43-455,0.125,16,69
Gibson_2016_preterm,DOL 9-42,0.25806451612903225,93,69
Morrow_2016_preterm_infants,DOL 1-8,0.1509433962264151,53,69
Morrow_2016_preterm_infants,DOL 9-42,0,20,69
PRIMAL,DOL 1-8,0.09482758620689655,116,69
PRIMAL,DOL 43-455,0.04,50,69
PRIMAL,DOL 9-42,0.2672811059907834,434,69
Parnanen_2019_infant,DOL 1-8,0,1,69
Parnanen_2019_infant,DOL 9-42,0.15625,32,69
Rahman_2018_preterm_NICU,DOL 1-8,0.08602150537634409,93,69
Rahman_2018_preterm_NICU,DOL 43-455,0.14285714285714285,14,69
Rahman_2018_preterm_NICU,DOL 9-42,0.11578947368421053,190,69
Gasparrini_2019_infant,DOL 1-8,0.38095238095238093,21,70
Gasparrini_2019_infant,DOL 43-455,0.12698412698412698,63,70
Gasparrini_2019_infant,DOL 9-42,0.23076923076923078,26,70
Gibson_2016_preterm,DOL 1-8,0.20175438596491227,114,70
Gibson_2016_preterm,DOL 43-455,0.1875,16,70
Gibson_2016_preterm,DOL 9-42,0.26881720430107525,93,70
Morrow_2016_preterm_infants,DOL 1-8,0.1320754716981132,53,70
Morrow_2016_preterm_infants,DOL 9-42,0,20,70
PRIMAL,DOL 1-8,0.09482758620689655,116,70
PRIMAL,DOL 43-455,0.06,50,70
PRIMAL,DOL 9-42,0.25806451612903225,434,70
Parnanen_2019_infant,DOL 1-8,0,1,70
Parnanen_2019_infant,DOL 9-42,0.125,32,70
Rahman_2018_preterm_NICU,DOL 1-8,0.10752688172043011,93,70
Rahman_2018_preterm_NICU,DOL 43-455,0.14285714285714285,14,70
Rahman_2018_preterm_NICU,DOL 9-42,0.11052631578947368,190,70
Gasparrini_2019_infant,DOL 1-8,0.38095238095238093,21,71
Gasparrini_2019_infant,DOL 43-455,0.1111111111111111,63,71
Gasparrini_2019_infant,DOL 9-42,0.2692307692307692,26,71
Gibson_2016_preterm,DOL 1-8,0.21052631578947367,114,71
Gibson_2016_preterm,DOL 43-455,0.125,16,71
Gibson_2016_preterm,DOL 9-42,0.26881720430107525,93,71
Morrow_2016_preterm_infants,DOL 1-8,0.1509433962264151,53,71
Morrow_2016_preterm_infants,DOL 9-42,0,20,71
PRIMAL,DOL 1-8,0.08620689655172414,116,71
PRIMAL,DOL 43-455,0.02,50,71
PRIMAL,DOL 9-42,0.2626728110599078,434,71
Parnanen_2019_infant,DOL 1-8,0,1,71
Parnanen_2019_infant,DOL 9-42,0.15625,32,71
Rahman_2018_preterm_NICU,DOL 1-8,0.08602150537634409,93,71
Rahman_2018_preterm_NICU,DOL 43-455,0.14285714285714285,14,71
Rahman_2018_preterm_NICU,DOL 9-42,0.11052631578947368,190,71
Gasparrini_2019_infant,DOL 1-8,0.38095238095238093,21,72
Gasparrini_2019_infant,DOL 43-455,0.1111111111111111,63,72
Gasparrini_2019_infant,DOL 9-42,0.15384615384615385,26,72
Gibson_2016_preterm,DOL 1-8,0.22807017543859648,114,72
Gibson_2016_preterm,DOL 43-455,0.0625,16,72
Gibson_2016_preterm,DOL 9-42,0.27956989247311825,93,72
Morrow_2016_preterm_infants,DOL 1-8,0.1320754716981132,53,72
Morrow_2016_preterm_infants,DOL 9-42,0,20,72
PRIMAL,DOL 1-8,0.09482758620689655,116,72
PRIMAL,DOL 43-455,0.08,50,72
PRIMAL,DOL 9-42,0.2626728110599078,434,72
Parnanen_2019_infant,DOL 1-8,0,1,72
Parnanen_2019_infant,DOL 9-42,0.15625,32,72
Rahman_2018_preterm_NICU,DOL 1-8,0.0967741935483871,93,72
Rahman_2018_preterm_NICU,DOL 43-455,0.21428571428571427,14,72
Rahman_2018_preterm_NICU,DOL 9-42,0.12105263157894737,190,72
Gasparrini_2019_infant,DOL 1-8,0.38095238095238093,21,73
Gasparrini_2019_infant,DOL 43-455,0.12698412698412698,63,73
Gasparrini_2019_infant,DOL 9-42,0.23076923076923078,26,73
Gibson_2016_preterm,DOL 1-8,0.21929824561403508,114,73
Gibson_2016_preterm,DOL 43-455,0.125,16,73
Gibson_2016_preterm,DOL 9-42,0.27956989247311825,93,73
Morrow_2016_preterm_infants,DOL 1-8,0.11320754716981132,53,73
Morrow_2016_preterm_infants,DOL 9-42,0,20,73
PRIMAL,DOL 1-8,0.09482758620689655,116,73
PRIMAL,DOL 43-455,0.04,50,73
PRIMAL,DOL 9-42,0.27880184331797236,434,73
Parnanen_2019_infant,DOL 1-8,0,1,73
Parnanen_2019_infant,DOL 9-42,0.1875,32,73
Rahman_2018_preterm_NICU,DOL 1-8,0.08602150537634409,93,73
Rahman_2018_preterm_NICU,DOL 43-455,0.14285714285714285,14,73
Rahman_2018_preterm_NICU,DOL 9-42,0.11578947368421053,190,73
Gasparrini_2019_infant,DOL 1-8,0.3333333333333333,21,74
Gasparrini_2019_infant,DOL 43-455,0.09523809523809523,63,74
Gasparrini_2019_infant,DOL 9-42,0.3076923076923077,26,74
Gibson_2016_preterm,DOL 1-8,0.22807017543859648,114,74
Gibson_2016_preterm,DOL 43-455,0.0625,16,74
Gibson_2016_preterm,DOL 9-42,0.27956989247311825,93,74
Morrow_2016_preterm_infants,DOL 1-8,0.1320754716981132,53,74
Morrow_2016_preterm_infants,DOL 9-42,0,20,74
PRIMAL,DOL 1-8,0.08620689655172414,116,74
PRIMAL,DOL 43-455,0,50,74
PRIMAL,DOL 9-42,0.271889400921659,434,74
Parnanen_2019_infant,DOL 1-8,0,1,74
Parnanen_2019_infant,DOL 9-42,0.15625,32,74
Rahman_2018_preterm_NICU,DOL 1-8,0.08602150537634409,93,74
Rahman_2018_preterm_NICU,DOL 43-455,0.21428571428571427,14,74
Rahman_2018_preterm_NICU,DOL 9-42,0.11578947368421053,190,74
Gasparrini_2019_infant,DOL 1-8,0.38095238095238093,21,75
Gasparrini_2019_infant,DOL 43-455,0.1111111111111111,63,75
Gasparrini_2019_infant,DOL 9-42,0.3076923076923077,26,75
Gibson_2016_preterm,DOL 1-8,0.21929824561403508,114,75
Gibson_2016_preterm,DOL 43-455,0.125,16,75
Gibson_2016_preterm,DOL 9-42,0.25806451612903225,93,75
Morrow_2016_preterm_infants,DOL 1-8,0.1509433962264151,53,75
Morrow_2016_preterm_infants,DOL 9-42,0.05,20,75
PRIMAL,DOL 1-8,0.10344827586206896,116,75
PRIMAL,DOL 43-455,0.08,50,75
PRIMAL,DOL 9-42,0.2695852534562212,434,75
Parnanen_2019_infant,DOL 1-8,0,1,75
Parnanen_2019_infant,DOL 9-42,0.1875,32,75
Rahman_2018_preterm_NICU,DOL 1-8,0.10752688172043011,93,75
Rahman_2018_preterm_NICU,DOL 43-455,0.14285714285714285,14,75
Rahman_2018_preterm_NICU,DOL 9-42,0.08947368421052632,190,75
Gasparrini_2019_infant,DOL 1-8,0.38095238095238093,21,76
Gasparrini_2019_infant,DOL 43-455,0.12698412698412698,63,76
Gasparrini_2019_infant,DOL 9-42,0.3076923076923077,26,76
Gibson_2016_preterm,DOL 1-8,0.20175438596491227,114,76
Gibson_2016_preterm,DOL 43-455,0.125,16,76
Gibson_2016_preterm,DOL 9-42,0.2903225806451613,93,76
Morrow_2016_preterm_infants,DOL 1-8,0.1320754716981132,53,76
Morrow_2016_preterm_infants,DOL 9-42,0.05,20,76
PRIMAL,DOL 1-8,0.09482758620689655,116,76
PRIMAL,DOL 43-455,0.06,50,76
PRIMAL,DOL 9-42,0.2626728110599078,434,76
Parnanen_2019_infant,DOL 1-8,0,1,76
Parnanen_2019_infant,DOL 9-42,0.125,32,76
Rahman_2018_preterm_NICU,DOL 1-8,0.10752688172043011,93,76
Rahman_2018_preterm_NICU,DOL 43-455,0.14285714285714285,14,76
Rahman_2018_preterm_NICU,DOL 9-42,0.13157894736842105,190,76
Gasparrini_2019_infant,DOL 1-8,0.38095238095238093,21,77
Gasparrini_2019_infant,DOL 43-455,0.09523809523809523,63,77
Gasparrini_2019_infant,DOL 9-42,0.2692307692307692,26,77
Gibson_2016_preterm,DOL 1-8,0.21929824561403508,114,77
Gibson_2016_preterm,DOL 43-455,0.1875,16,77
Gibson_2016_preterm,DOL 9-42,0.26881720430107525,93,77
Morrow_2016_preterm_infants,DOL 1-8,0.1509433962264151,53,77
Morrow_2016_preterm_infants,DOL 9-42,0,20,77
PRIMAL,DOL 1-8,0.08620689655172414,116,77
PRIMAL,DOL 43-455,0.06,50,77
PRIMAL,DOL 9-42,0.27419354838709675,434,77
Parnanen_2019_infant,DOL 1-8,0,1,77
Parnanen_2019_infant,DOL 9-42,0.1875,32,77
Rahman_2018_preterm_NICU,DOL 1-8,0.0967741935483871,93,77
Rahman_2018_preterm_NICU,DOL 43-455,0.14285714285714285,14,77
Rahman_2018_preterm_NICU,DOL 9-42,0.11578947368421053,190,77
Gasparrini_2019_infant,DOL 1-8,0.38095238095238093,21,78
Gasparrini_2019_infant,DOL 43-455,0.1111111111111111,63,78
Gasparrini_2019_infant,DOL 9-42,0.23076923076923078,26,78
Gibson_2016_preterm,DOL 1-8,0.22807017543859648,114,78
Gibson_2016_preterm,DOL 43-455,0.125,16,78
Gibson_2016_preterm,DOL 9-42,0.26881720430107525,93,78
Morrow_2016_preterm_infants,DOL 1-8,0.1320754716981132,53,78
Morrow_2016_preterm_infants,DOL 9-42,0.05,20,78
PRIMAL,DOL 1-8,0.10344827586206896,116,78
PRIMAL,DOL 43-455,0.06,50,78
PRIMAL,DOL 9-42,0.2764976958525346,434,78
Parnanen_2019_infant,DOL 1-8,0,1,78
Parnanen_2019_infant,DOL 9-42,0.1875,32,78
Rahman_2018_preterm_NICU,DOL 1-8,0.11827956989247312,93,78
Rahman_2018_preterm_NICU,DOL 43-455,0.14285714285714285,14,78
Rahman_2018_preterm_NICU,DOL 9-42,0.10526315789473684,190,78
Gasparrini_2019_infant,DOL 1-8,0.38095238095238093,21,79
Gasparrini_2019_infant,DOL 43-455,0.12698412698412698,63,79
Gasparrini_2019_infant,DOL 9-42,0.2692307692307692,26,79
Gibson_2016_preterm,DOL 1-8,0.21929824561403508,114,79
Gibson_2016_preterm,DOL 43-455,0.125,16,79
Gibson_2016_preterm,DOL 9-42,0.27956989247311825,93,79
Morrow_2016_preterm_infants,DOL 1-8,0.1320754716981132,53,79
Morrow_2016_preterm_infants,DOL 9-42,0,20,79
PRIMAL,DOL 1-8,0.10344827586206896,116,79
PRIMAL,DOL 43-455,0.06,50,79
PRIMAL,DOL 9-42,0.25806451612903225,434,79
Parnanen_2019_infant,DOL 1-8,0,1,79
Parnanen_2019_infant,DOL 9-42,0.1875,32,79
Rahman_2018_preterm_NICU,DOL 1-8,0.12903225806451613,93,79
Rahman_2018_preterm_NICU,DOL 43-455,0.14285714285714285,14,79
Rahman_2018_preterm_NICU,DOL 9-42,0.10526315789473684,190,79
Gasparrini_2019_infant,DOL 1-8,0.38095238095238093,21,80
Gasparrini_2019_infant,DOL 43-455,0.1111111111111111,63,80
Gasparrini_2019_infant,DOL 9-42,0.2692307692307692,26,80
Gibson_2016_preterm,DOL 1-8,0.21929824561403508,114,80
Gibson_2016_preterm,DOL 43-455,0.125,16,80
Gibson_2016_preterm,DOL 9-42,0.27956989247311825,93,80
Morrow_2016_preterm_infants,DOL 1-8,0.1320754716981132,53,80
Morrow_2016_preterm_infants,DOL 9-42,0,20,80
PRIMAL,DOL 1-8,0.09482758620689655,116,80
PRIMAL,DOL 43-455,0.02,50,80
PRIMAL,DOL 9-42,0.25806451612903225,434,80
Parnanen_2019_infant,DOL 1-8,0,1,80
Parnanen_2019_infant,DOL 9-42,0.1875,32,80
Rahman_2018_preterm_NICU,DOL 1-8,0.0967741935483871,93,80
Rahman_2018_preterm_NICU,DOL 43-455,0.14285714285714285,14,80
Rahman_2018_preterm_NICU,DOL 9-42,0.12105263157894737,190,80
Gasparrini_2019_infant,DOL 1-8,0.38095238095238093,21,81
Gasparrini_2019_infant,DOL 43-455,0.12698412698412698,63,81
Gasparrini_2019_infant,DOL 9-42,0.2692307692307692,26,81
Gibson_2016_preterm,DOL 1-8,0.22807017543859648,114,81
Gibson_2016_preterm,DOL 43-455,0.1875,16,81
Gibson_2016_preterm,DOL 9-42,0.25806451612903225,93,81
Morrow_2016_preterm_infants,DOL 1-8,0.1509433962264151,53,81
Morrow_2016_preterm_infants,DOL 9-42,0.05,20,81
PRIMAL,DOL 1-8,0.08620689655172414,116,81
PRIMAL,DOL 43-455,0.06,50,81
PRIMAL,DOL 9-42,0.2557603686635945,434,81
Parnanen_2019_infant,DOL 1-8,0,1,81
Parnanen_2019_infant,DOL 9-42,0.125,32,81
Rahman_2018_preterm_NICU,DOL 1-8,0.13978494623655913,93,81
Rahman_2018_preterm_NICU,DOL 43-455,0.14285714285714285,14,81
Rahman_2018_preterm_NICU,DOL 9-42,0.12631578947368421,190,81
Gasparrini_2019_infant,DOL 1-8,0.3333333333333333,21,82
Gasparrini_2019_infant,DOL 43-455,0.09523809523809523,63,82
Gasparrini_2019_infant,DOL 9-42,0.2692307692307692,26,82
Gibson_2016_preterm,DOL 1-8,0.21052631578947367,114,82
Gibson_2016_preterm,DOL 43-455,0.125,16,82
Gibson_2016_preterm,DOL 9-42,0.27956989247311825,93,82
Morrow_2016_preterm_infants,DOL 1-8,0.16981132075471697,53,82
Morrow_2016_preterm_infants,DOL 9-42,0,20,82
PRIMAL,DOL 1-8,0.08620689655172414,116,82
PRIMAL,DOL 43-455,0.04,50,82
PRIMAL,DOL 9-42,0.2557603686635945,434,82
Parnanen_2019_infant,DOL 1-8,0,1,82
Parnanen_2019_infant,DOL 9-42,0.15625,32,82
Rahman_2018_preterm_NICU,DOL 1-8,0.11827956989247312,93,82
Rahman_2018_preterm_NICU,DOL 43-455,0.14285714285714285,14,82
Rahman_2018_preterm_NICU,DOL 9-42,0.10526315789473684,190,82
Gasparrini_2019_infant,DOL 1-8,0.38095238095238093,21,83
Gasparrini_2019_infant,DOL 43-455,0.1111111111111111,63,83
Gasparrini_2019_infant,DOL 9-42,0.23076923076923078,26,83
Gibson_2016_preterm,DOL 1-8,0.20175438596491227,114,83
Gibson_2016_preterm,DOL 43-455,0.125,16,83
Gibson_2016_preterm,DOL 9-42,0.3010752688172043,93,83
Morrow_2016_preterm_infants,DOL 1-8,0.1320754716981132,53,83
Morrow_2016_preterm_infants,DOL 9-42,0,20,83
PRIMAL,DOL 1-8,0.11206896551724138,116,83
PRIMAL,DOL 43-455,0.08,50,83
PRIMAL,DOL 9-42,0.26036866359447003,434,83
Parnanen_2019_infant,DOL 1-8,0,1,83
Parnanen_2019_infant,DOL 9-42,0.21875,32,83
Rahman_2018_preterm_NICU,DOL 1-8,0.10752688172043011,93,83
Rahman_2018_preterm_NICU,DOL 43-455,0.14285714285714285,14,83
Rahman_2018_preterm_NICU,DOL 9-42,0.10526315789473684,190,83
Gasparrini_2019_infant,DOL 1-8,0.38095238095238093,21,84
Gasparrini_2019_infant,DOL 43-455,0.1111111111111111,63,84
Gasparrini_2019_infant,DOL 9-42,0.3076923076923077,26,84
Gibson_2016_preterm,DOL 1-8,0.21929824561403508,114,84
Gibson_2016_preterm,DOL 43-455,0.1875,16,84
Gibson_2016_preterm,DOL 9-42,0.26881720430107525,93,84
Morrow_2016_preterm_infants,DOL 1-8,0.18867924528301888,53,84
Morrow_2016_preterm_infants,DOL 9-42,0,20,84
PRIMAL,DOL 1-8,0.09482758620689655,116,84
PRIMAL,DOL 43-455,0.06,50,84
PRIMAL,DOL 9-42,0.24423963133640553,434,84
Parnanen_2019_infant,DOL 1-8,0,1,84
Parnanen_2019_infant,DOL 9-42,0.21875,32,84
Rahman_2018_preterm_NICU,DOL 1-8,0.0967741935483871,93,84
Rahman_2018_preterm_NICU,DOL 43-455,0.14285714285714285,14,84
Rahman_2018_preterm_NICU,DOL 9-42,0.1,190,84
Gasparrini_2019_infant,DOL 1-8,0.3333333333333333,21,85
Gasparrini_2019_infant,DOL 43-455,0.12698412698412698,63,85
Gasparrini_2019_infant,DOL 9-42,0.23076923076923078,26,85
Gibson_2016_preterm,DOL 1-8,0.17543859649122806,114,85
Gibson_2016_preterm,DOL 43-455,0.125,16,85
Gibson_2016_preterm,DOL 9-42,0.26881720430107525,93,85
Morrow_2016_preterm_infants,DOL 1-8,0.1320754716981132,53,85
Morrow_2016_preterm_infants,DOL 9-42,0,20,85
PRIMAL,DOL 1-8,0.09482758620689655,116,85
PRIMAL,DOL 43-455,0.04,50,85
PRIMAL,DOL 9-42,0.26497695852534564,434,85
Parnanen_2019_infant,DOL 1-8,0,1,85
Parnanen_2019_infant,DOL 9-42,0.1875,32,85
Rahman_2018_preterm_NICU,DOL 1-8,0.10752688172043011,93,85
Rahman_2018_preterm_NICU,DOL 43-455,0.14285714285714285,14,85
Rahman_2018_preterm_NICU,DOL 9-42,0.1368421052631579,190,85
Gasparrini_2019_infant,DOL 1-8,0.38095238095238093,21,86
Gasparrini_2019_infant,DOL 43-455,0.12698412698412698,63,86
Gasparrini_2019_infant,DOL 9-42,0.3076923076923077,26,86
Gibson_2016_preterm,DOL 1-8,0.21929824561403508,114,86
Gibson_2016_preterm,DOL 43-455,0.125,16,86
Gibson_2016_preterm,DOL 9-42,0.27956989247311825,93,86
Morrow_2016_preterm_infants,DOL 1-8,0.1320754716981132,53,86
Morrow_2016_preterm_infants,DOL 9-42,0,20,86
PRIMAL,DOL 1-8,0.11206896551724138,116,86
PRIMAL,DOL 43-455,0.02,50,86
PRIMAL,DOL 9-42,0.2557603686635945,434,86
Parnanen_2019_infant,DOL 1-8,0,1,86
Parnanen_2019_infant,DOL 9-42,0.1875,32,86
Rahman_2018_preterm_NICU,DOL 1-8,0.12903225806451613,93,86
Rahman_2018_preterm_NICU,DOL 43-455,0.14285714285714285,14,86
Rahman_2018_preterm_NICU,DOL 9-42,0.09473684210526316,190,86
Gasparrini_2019_infant,DOL 1-8,0.38095238095238093,21,87
Gasparrini_2019_infant,DOL 43-455,0.09523809523809523,63,87
Gasparrini_2019_infant,DOL 9-42,0.3076923076923077,26,87
Gibson_2016_preterm,DOL 1-8,0.21929824561403508,114,87
Gibson_2016_preterm,DOL 43-455,0.125,16,87
Gibson_2016_preterm,DOL 9-42,0.24731182795698925,93,87
Morrow_2016_preterm_infants,DOL 1-8,0.16981132075471697,53,87
Morrow_2016_preterm_infants,DOL 9-42,0,20,87
PRIMAL,DOL 1-8,0.09482758620689655,116,87
PRIMAL,DOL 43-455,0.02,50,87
PRIMAL,DOL 9-42,0.26497695852534564,434,87
Parnanen_2019_infant,DOL 1-8,0,1,87
Parnanen_2019_infant,DOL 9-42,0.15625,32,87
Rahman_2018_preterm_NICU,DOL 1-8,0.11827956989247312,93,87
Rahman_2018_preterm_NICU,DOL 43-455,0.14285714285714285,14,87
Rahman_2018_preterm_NICU,DOL 9-42,0.12631578947368421,190,87
Gasparrini_2019_infant,DOL 1-8,0.38095238095238093,21,88
Gasparrini_2019_infant,DOL 43-455,0.12698412698412698,63,88
Gasparrini_2019_infant,DOL 9-42,0.23076923076923078,26,88
Gibson_2016_preterm,DOL 1-8,0.22807017543859648,114,88
Gibson_2016_preterm,DOL 43-455,0.125,16,88
Gibson_2016_preterm,DOL 9-42,0.2903225806451613,93,88
Morrow_2016_preterm_infants,DOL 1-8,0.11320754716981132,53,88
Morrow_2016_preterm_infants,DOL 9-42,0,20,88
PRIMAL,DOL 1-8,0.09482758620689655,116,88
PRIMAL,DOL 43-455,0.06,50,88
PRIMAL,DOL 9-42,0.2626728110599078,434,88
Parnanen_2019_infant,DOL 1-8,0,1,88
Parnanen_2019_infant,DOL 9-42,0.21875,32,88
Rahman_2018_preterm_NICU,DOL 1-8,0.11827956989247312,93,88
Rahman_2018_preterm_NICU,DOL 43-455,0.14285714285714285,14,88
Rahman_2018_preterm_NICU,DOL 9-42,0.11578947368421053,190,88
Gasparrini_2019_infant,DOL 1-8,0.38095238095238093,21,89
Gasparrini_2019_infant,DOL 43-455,0.12698412698412698,63,89
Gasparrini_2019_infant,DOL 9-42,0.2692307692307692,26,89
Gibson_2016_preterm,DOL 1-8,0.21052631578947367,114,89
Gibson_2016_preterm,DOL 43-455,0.0625,16,89
Gibson_2016_preterm,DOL 9-42,0.2903225806451613,93,89
Morrow_2016_preterm_infants,DOL 1-8,0.16981132075471697,53,89
Morrow_2016_preterm_infants,DOL 9-42,0,20,89
PRIMAL,DOL 1-8,0.10344827586206896,116,89
PRIMAL,DOL 43-455,0.02,50,89
PRIMAL,DOL 9-42,0.25806451612903225,434,89
Parnanen_2019_infant,DOL 1-8,0,1,89
Parnanen_2019_infant,DOL 9-42,0.15625,32,89
Rahman_2018_preterm_NICU,DOL 1-8,0.10752688172043011,93,89
Rahman_2018_preterm_NICU,DOL 43-455,0.14285714285714285,14,89
Rahman_2018_preterm_NICU,DOL 9-42,0.11052631578947368,190,89
Gasparrini_2019_infant,DOL 1-8,0.38095238095238093,21,90
Gasparrini_2019_infant,DOL 43-455,0.12698412698412698,63,90
Gasparrini_2019_infant,DOL 9-42,0.2692307692307692,26,90
Gibson_2016_preterm,DOL 1-8,0.22807017543859648,114,90
Gibson_2016_preterm,DOL 43-455,0.1875,16,90
Gibson_2016_preterm,DOL 9-42,0.25806451612903225,93,90
Morrow_2016_preterm_infants,DOL 1-8,0.11320754716981132,53,90
Morrow_2016_preterm_infants,DOL 9-42,0,20,90
PRIMAL,DOL 1-8,0.1206896551724138,116,90
PRIMAL,DOL 43-455,0.04,50,90
PRIMAL,DOL 9-42,0.2488479262672811,434,90
Parnanen_2019_infant,DOL 1-8,0,1,90
Parnanen_2019_infant,DOL 9-42,0.15625,32,90
Rahman_2018_preterm_NICU,DOL 1-8,0.10752688172043011,93,90
Rahman_2018_preterm_NICU,DOL 43-455,0.14285714285714285,14,90
Rahman_2018_preterm_NICU,DOL 9-42,0.11578947368421053,190,90
Gasparrini_2019_infant,DOL 1-8,0.38095238095238093,21,91
Gasparrini_2019_infant,DOL 43-455,0.12698412698412698,63,91
Gasparrini_2019_infant,DOL 9-42,0.2692307692307692,26,91
Gibson_2016_preterm,DOL 1-8,0.22807017543859648,114,91
Gibson_2016_preterm,DOL 43-455,0.125,16,91
Gibson_2016_preterm,DOL 9-42,0.2903225806451613,93,91
Morrow_2016_preterm_infants,DOL 1-8,0.11320754716981132,53,91
Morrow_2016_preterm_infants,DOL 9-42,0,20,91
PRIMAL,DOL 1-8,0.08620689655172414,116,91
PRIMAL,DOL 43-455,0.04,50,91
PRIMAL,DOL 9-42,0.27880184331797236,434,91
Parnanen_2019_infant,DOL 1-8,0,1,91
Parnanen_2019_infant,DOL 9-42,0.125,32,91
Rahman_2018_preterm_NICU,DOL 1-8,0.13978494623655913,93,91
Rahman_2018_preterm_NICU,DOL 43-455,0.14285714285714285,14,91
Rahman_2018_preterm_NICU,DOL 9-42,0.10526315789473684,190,91
Gasparrini_2019_infant,DOL 1-8,0.38095238095238093,21,92
Gasparrini_2019_infant,DOL 43-455,0.1111111111111111,63,92
Gasparrini_2019_infant,DOL 9-42,0.23076923076923078,26,92
Gibson_2016_preterm,DOL 1-8,0.21929824561403508,114,92
Gibson_2016_preterm,DOL 43-455,0.1875,16,92
Gibson_2016_preterm,DOL 9-42,0.3010752688172043,93,92
Morrow_2016_preterm_infants,DOL 1-8,0.16981132075471697,53,92
Morrow_2016_preterm_infants,DOL 9-42,0,20,92
PRIMAL,DOL 1-8,0.09482758620689655,116,92
PRIMAL,DOL 43-455,0.08,50,92
PRIMAL,DOL 9-42,0.2764976958525346,434,92
Parnanen_2019_infant,DOL 1-8,0,1,92
Parnanen_2019_infant,DOL 9-42,0.15625,32,92
Rahman_2018_preterm_NICU,DOL 1-8,0.11827956989247312,93,92
Rahman_2018_preterm_NICU,DOL 43-455,0.14285714285714285,14,92
Rahman_2018_preterm_NICU,DOL 9-42,0.10526315789473684,190,92
Gasparrini_2019_infant,DOL 1-8,0.38095238095238093,21,93
Gasparrini_2019_infant,DOL 43-455,0.12698412698412698,63,93
Gasparrini_2019_infant,DOL 9-42,0.23076923076923078,26,93
Gibson_2016_preterm,DOL 1-8,0.21052631578947367,114,93
Gibson_2016_preterm,DOL 43-455,0.125,16,93
Gibson_2016_preterm,DOL 9-42,0.27956989247311825,93,93
Morrow_2016_preterm_infants,DOL 1-8,0.11320754716981132,53,93
Morrow_2016_preterm_infants,DOL 9-42,0,20,93
PRIMAL,DOL 1-8,0.09482758620689655,116,93
PRIMAL,DOL 43-455,0.06,50,93
PRIMAL,DOL 9-42,0.2626728110599078,434,93
Parnanen_2019_infant,DOL 1-8,0,1,93
Parnanen_2019_infant,DOL 9-42,0.15625,32,93
Rahman_2018_preterm_NICU,DOL 1-8,0.10752688172043011,93,93
Rahman_2018_preterm_NICU,DOL 43-455,0.14285714285714285,14,93
Rahman_2018_preterm_NICU,DOL 9-42,0.10526315789473684,190,93
Gasparrini_2019_infant,DOL 1-8,0.38095238095238093,21,94
Gasparrini_2019_infant,DOL 43-455,0.12698412698412698,63,94
Gasparrini_2019_infant,DOL 9-42,0.2692307692307692,26,94
Gibson_2016_preterm,DOL 1-8,0.21929824561403508,114,94
Gibson_2016_preterm,DOL 43-455,0.125,16,94
Gibson_2016_preterm,DOL 9-42,0.27956989247311825,93,94
Morrow_2016_preterm_infants,DOL 1-8,0.11320754716981132,53,94
Morrow_2016_preterm_infants,DOL 9-42,0,20,94
PRIMAL,DOL 1-8,0.09482758620689655,116,94
PRIMAL,DOL 43-455,0.02,50,94
PRIMAL,DOL 9-42,0.26036866359447003,434,94
Parnanen_2019_infant,DOL 1-8,0,1,94
Parnanen_2019_infant,DOL 9-42,0.15625,32,94
Rahman_2018_preterm_NICU,DOL 1-8,0.10752688172043011,93,94
Rahman_2018_preterm_NICU,DOL 43-455,0.14285714285714285,14,94
Rahman_2018_preterm_NICU,DOL 9-42,0.11578947368421053,190,94
Gasparrini_2019_infant,DOL 1-8,0.38095238095238093,21,95
Gasparrini_2019_infant,DOL 43-455,0.1111111111111111,63,95
Gasparrini_2019_infant,DOL 9-42,0.15384615384615385,26,95
Gibson_2016_preterm,DOL 1-8,0.21929824561403508,114,95
Gibson_2016_preterm,DOL 43-455,0.125,16,95
Gibson_2016_preterm,DOL 9-42,0.2903225806451613,93,95
Morrow_2016_preterm_infants,DOL 1-8,0.1320754716981132,53,95
Morrow_2016_preterm_infants,DOL 9-42,0,20,95
PRIMAL,DOL 1-8,0.09482758620689655,116,95
PRIMAL,DOL 43-455,0.04,50,95
PRIMAL,DOL 9-42,0.2534562211981567,434,95
Parnanen_2019_infant,DOL 1-8,0,1,95
Parnanen_2019_infant,DOL 9-42,0.15625,32,95
Rahman_2018_preterm_NICU,DOL 1-8,0.08602150537634409,93,95
Rahman_2018_preterm_NICU,DOL 43-455,0.14285714285714285,14,95
Rahman_2018_preterm_NICU,DOL 9-42,0.1,190,95
Gasparrini_2019_infant,DOL 1-8,0.38095238095238093,21,96
Gasparrini_2019_infant,DOL 43-455,0.1111111111111111,63,96
Gasparrini_2019_infant,DOL 9-42,0.2692307692307692,26,96
Gibson_2016_preterm,DOL 1-8,0.18421052631578946,114,96
Gibson_2016_preterm,DOL 43-455,0.125,16,96
Gibson_2016_preterm,DOL 9-42,0.2903225806451613,93,96
Morrow_2016_preterm_infants,DOL 1-8,0.16981132075471697,53,96
Morrow_2016_preterm_infants,DOL 9-42,0,20,96
PRIMAL,DOL 1-8,0.09482758620689655,116,96
PRIMAL,DOL 43-455,0.04,50,96
PRIMAL,DOL 9-42,0.2626728110599078,434,96
Parnanen_2019_infant,DOL 1-8,0,1,96
Parnanen_2019_infant,DOL 9-42,0.21875,32,96
Rahman_2018_preterm_NICU,DOL 1-8,0.0967741935483871,93,96
Rahman_2018_preterm_NICU,DOL 43-455,0.14285714285714285,14,96
Rahman_2018_preterm_NICU,DOL 9-42,0.08947368421052632,190,96
Gasparrini_2019_infant,DOL 1-8,0.38095238095238093,21,97
Gasparrini_2019_infant,DOL 43-455,0.1111111111111111,63,97
Gasparrini_2019_infant,DOL 9-42,0.2692307692307692,26,97
Gibson_2016_preterm,DOL 1-8,0.21929824561403508,114,97
Gibson_2016_preterm,DOL 43-455,0.125,16,97
Gibson_2016_preterm,DOL 9-42,0.26881720430107525,93,97
Morrow_2016_preterm_infants,DOL 1-8,0.1320754716981132,53,97
Morrow_2016_preterm_infants,DOL 9-42,0,20,97
PRIMAL,DOL 1-8,0.08620689655172414,116,97
PRIMAL,DOL 43-455,0.06,50,97
PRIMAL,DOL 9-42,0.26497695852534564,434,97
Parnanen_2019_infant,DOL 1-8,0,1,97
Parnanen_2019_infant,DOL 9-42,0.15625,32,97
Rahman_2018_preterm_NICU,DOL 1-8,0.10752688172043011,93,97
Rahman_2018_preterm_NICU,DOL 43-455,0.14285714285714285,14,97
Rahman_2018_preterm_NICU,DOL 9-42,0.12105263157894737,190,97
Gasparrini_2019_infant,DOL 1-8,0.38095238095238093,21,98
Gasparrini_2019_infant,DOL 43-455,0.12698412698412698,63,98
Gasparrini_2019_infant,DOL 9-42,0.19230769230769232,26,98
Gibson_2016_preterm,DOL 1-8,0.21052631578947367,114,98
Gibson_2016_preterm,DOL 43-455,0.125,16,98
Gibson_2016_preterm,DOL 9-42,0.26881720430107525,93,98
Morrow_2016_preterm_infants,DOL 1-8,0.1320754716981132,53,98
Morrow_2016_preterm_infants,DOL 9-42,0,20,98
PRIMAL,DOL 1-8,0.09482758620689655,116,98
PRIMAL,DOL 43-455,0.06,50,98
PRIMAL,DOL 9-42,0.25806451612903225,434,98
Parnanen_2019_infant,DOL 1-8,0,1,98
Parnanen_2019_infant,DOL 9-42,0.1875,32,98
Rahman_2018_preterm_NICU,DOL 1-8,0.11827956989247312,93,98
Rahman_2018_preterm_NICU,DOL 43-455,0.14285714285714285,14,98
Rahman_2018_preterm_NICU,DOL 9-42,0.11578947368421053,190,98
Gasparrini_2019_infant,DOL 1-8,0.38095238095238093,21,99
Gasparrini_2019_infant,DOL 43-455,0.12698412698412698,63,99
Gasparrini_2019_infant,DOL 9-42,0.23076923076923078,26,99
Gibson_2016_preterm,DOL 1-8,0.22807017543859648,114,99
Gibson_2016_preterm,DOL 43-455,0.125,16,99
Gibson_2016_preterm,DOL 9-42,0.2903225806451613,93,99
Morrow_2016_preterm_infants,DOL 1-8,0.1320754716981132,53,99
Morrow_2016_preterm_infants,DOL 9-42,0.05,20,99
PRIMAL,DOL 1-8,0.09482758620689655,116,99
PRIMAL,DOL 43-455,0.08,50,99
PRIMAL,DOL 9-42,0.2626728110599078,434,99
Parnanen_2019_infant,DOL 1-8,0,1,99
Parnanen_2019_infant,DOL 9-42,0.15625,32,99
Rahman_2018_preterm_NICU,DOL 1-8,0.10752688172043011,93,99
Rahman_2018_preterm_NICU,DOL 43-455,0.14285714285714285,14,99
Rahman_2018_preterm_NICU,DOL 9-42,0.11578947368421053,190,99
Gasparrini_2019_infant,DOL 1-8,0.38095238095238093,21,100
Gasparrini_2019_infant,DOL 43-455,0.1111111111111111,63,100
Gasparrini_2019_infant,DOL 9-42,0.2692307692307692,26,100
Gibson_2016_preterm,DOL 1-8,0.22807017543859648,114,100
Gibson_2016_preterm,DOL 43-455,0.125,16,100
Gibson_2016_preterm,DOL 9-42,0.27956989247311825,93,100
Morrow_2016_preterm_infants,DOL 1-8,0.1320754716981132,53,100
Morrow_2016_preterm_infants,DOL 9-42,0,20,100
PRIMAL,DOL 1-8,0.10344827586206896,116,100
PRIMAL,DOL 43-455,0.12,50,100
PRIMAL,DOL 9-42,0.2834101382488479,434,100
Parnanen_2019_infant,DOL 1-8,0,1,100
Parnanen_2019_infant,DOL 9-42,0.1875,32,100
Rahman_2018_preterm_NICU,DOL 1-8,0.10752688172043011,93,100
Rahman_2018_preterm_NICU,DOL 43-455,0.14285714285714285,14,100
Rahman_2018_preterm_NICU,DOL 9-42,0.11052631578947368,190,100
